Workbook
Name השכר_הסוציאלי_2023: 'תכנון פרישה (מקסימום תשואה)'!$B$13
Name שנות_עבודה_שנותרו: 'תכנון פרישה'!$B$2
Name השכר_הסוציאלי_2023: 'תכנון פרישה (מינימום תשואה)'!$B$13
Name קרן_פנסיה: 'תכנון פרישה (מינימום FU money)'!$B$7
Name גיל_הפנסיה: 'תכנון פרישה (מינימום FU money)'!$E$4
Name הגיל_שלנו_2023: 'תכנון פרישה (מינימום תשואה)'!$B$14
Name שיעור_משיכה_בטוח: 'תכנון פרישה (מקסימום תשואה)'!$B$15
Name קרן_פנסיה: 'תכנון פרישה (מינימום תשואה)'!$B$7
Name תשואה_ריאלית: 'תכנון פרישה (מינימום תשואה)'!$B$4
Name שנות_עבודה_שנותרו: 'תכנון פרישה (מינימום FU money)'!$B$2
Name קופת_גמל: 'תכנון פרישה (מינימום FU money)'!$B$8
Name הגיל_שלנו_2023: 'תכנון פרישה (מקסימום תשואה)'!$B$14
Name קופת_גמל: 'תכנון פרישה (מקסימום תשואה)'!$B$8
Name קופת_גמל: 'תכנון פרישה (מינימום תשואה)'!$B$8
Name שנות_עבודה_שנותרו: 'תכנון פרישה (מינימום תשואה)'!$B$2
Name קרן_פנסיה: 'תכנון פרישה'!$B$7
Name תשואה_ריאלית: 'תכנון פרישה'!$B$4
Name חסכון_נוכחי_2023: 'תכנון פרישה (מינימום תשואה)'!$B$5
Name שיעור_משיכה_בטוח: 'תכנון פרישה (מינימום תשואה)'!$B$15
Name תקרת_הפקדה_לפנסיה_בשנת_2023: 'תכנון פרישה (מקסימום תשואה)'!$K$4
Name חסכון_נוכחי_2023: 'תכנון פרישה (מינימום FU money)'!$B$5
Name שנות_עבודה_שנותרו: 'תכנון פרישה (מקסימום תשואה)'!$B$2
Name תקרת_הפקדה_לפנסיה_בשנת_2023: 'תכנון פרישה (מינימום תשואה)'!$K$4
Name הגיל_שלנו_2023: 'תכנון פרישה'!$B$14
Name חסכון_נוכחי_2023: 'תכנון פרישה (מקסימום תשואה)'!$B$5
Name שיעור_משיכה_בטוח: 'תכנון פרישה'!$B$15
Name הגיל_שלנו_2023: 'תכנון פרישה (מינימום FU money)'!$B$14
Name השכר_הסוציאלי_2023: 'תכנון פרישה'!$B$13
Name גיל_הפנסיה: 'תכנון פרישה'!$E$4
Name גיל_הפנסיה: 'תכנון פרישה (מינימום תשואה)'!$E$4
Name תקרת_הפקדה_לפנסיה_בשנת_2023: 'תכנון פרישה (מינימום FU money)'!$K$4
Name השכר_הסוציאלי_2023: 'תכנון פרישה (מינימום FU money)'!$B$13
Name תקרת_הפקדה_לפנסיה_בשנת_2023: 'תכנון פרישה'!$K$4
Name קופת_גמל: 'תכנון פרישה'!$B$8
Name תשואה_ריאלית: 'תכנון פרישה (מינימום FU money)'!$B$4
Name גיל_הפנסיה: 'תכנון פרישה (מקסימום תשואה)'!$E$4
Name חסכון_נוכחי_2023: 'תכנון פרישה'!$B$5
Name תשואה_ריאלית: 'תכנון פרישה (מקסימום תשואה)'!$B$4
Name שיעור_משיכה_בטוח: 'תכנון פרישה (מינימום FU money)'!$B$15
Name קרן_פנסיה: 'תכנון פרישה (מקסימום תשואה)'!$B$7

Sheet תכנון פרישה
I1: מהפרישה המוקדמת ועד גיל הפרישה (הפנסיה) | O1: בפנסיה
A2: שנות עבודה עד הפרישה | B2: 23 | D2: הכנסה חודשית ברוטו מפרישה ועד גיל פנסיה (לרמת החיים שהתרגלנו) | E2: 30000 | K2: חיסכון חודשי בעת העבודה | L2: מצב בעת הפרישה | Q2: מצב בעת היציאה לפנסיה
J3: קופות גמל | K3: =(8.33%+6%+6.5%)*'תכנון פרישה'!השכר_הסוציאלי_2023-'תכנון פרישה'!תקרת_הפקדה_לפנסיה_בשנת_2023 -> 4507.5 | L3: =fv($B$4,$B$2,-K3*12)+קופת_גמל*(1+$B$4)^$B$2 -> 2240974.4 | P3: קופות גמל | Q3: =L3*(1+'תכנון פרישה'!תשואה_ריאלית)^('תכנון פרישה'!גיל_הפנסיה-'תכנון פרישה'!שנות_עבודה_שנותרו-'תכנון פרישה'!הגיל_שלנו_2023) -> 3650311.2
A4: תשואה ריאלית על השקעות ונכסים | B4: 0.05 | D4: גיל למשיכת כספים סוציאליים (לפחות 60) | E4: 60 | J4: קרנות פנסיה | K4: 4866 | L4: =fv($B$4,$B$2,-K4*12)+קרן_פנסיה*(1+$B$4)^$B$2 -> 2879936.9 | P4: קרנות פנסיה | Q4: =L4*(1+'תכנון פרישה'!תשואה_ריאלית)^('תכנון פרישה'!גיל_הפנסיה-'תכנון פרישה'!שנות_עבודה_שנותרו-'תכנון פרישה'!הגיל_שלנו_2023) -> 4691113.7
A5: קרנות השתלמות | B5: 70000 | J5: קרן השתלמות | K5: =1571*2 -> 3142 | L5: =fv($B$4,$B$2,-K5*12)+B5*(1+$B$4)^$B$2 -> 1777101.3
A6: הון עצמי מושקע | B6: 100000 | J6: הון עצמי מושקע | K6: =-E12-sum(K3:K5) -> 4562.9038 | L6: =fv($B$4,$B$2,-K6*12)+B6*(1+$B$4)^$B$2 -> 2575671.6 | P6: פנסיה ברוטו | Q6: =SUM(Q3:Q4)/(202+4*(67-E4)) -> 36267.065
A7: קרנות פנסיה | B7: 150000
A8: קופת גמל \ ביטוחי מנהלים | J8: הון עצמי לשימושנו | K8: =L5+L6 -> 4352772.9
A9: ריבית משכנתא ממוצעת | B9: 0.045 | E9: מחושב | F9: באחוזים מהשכר | J9: למשך תקופה של | K9: =E4-B2-B14 -> 10 | L9: שנים
A10: יתרת משכנתא | B10: 900000 | D10: תשלום חודשי לבית | E10: =PMT(B9,$B$2,B10)/12 -> -5301.187 | F10: =-E10/$D$15 -> 0.10120711 | J10: בשיעור משיכה של | K10: =E2*12/K8 -> 0.082705899 | L10: בשנה
A11: סכום שיידרש בגיל הפרישה (כילוי מלא ללא השקעה) | B11: =E2*12*('תכנון פרישה'!גיל_הפנסיה-'תכנון פרישה'!הגיל_שלנו_2023-'תכנון פרישה'!שנות_עבודה_שנותרו) -> 3600000 | D11: תשלום חודשי להשקעות | E11: =PMT($B$4,$B$2, ,B11-($B$5*(1+$B$4)^$B$2))/12 -> -6808.5818 | F11: =-E11/$D$15 -> 0.12998539
A12: סכום שיידרש בגיל הפרישה (ללא כילוי) | B12: =E2*12/שיעור_משיכה_בטוח -> 9473684.2 | D12: תשלום חודשי להשקעות | E12: =PMT($B$4,$B$2, ,B12-(($B$5+$B$6+$B$7+$B$8)*(1+$B$4)^$B$2))/12 -> -17078.404 | F12: =-E12/$D$15 -> 0.32605073
A13: השכר הסוציאלי (ברוטו) למשק בית בממוצע לשנים האלו | B13: 45000
A14: הגיל היום | B14: 27 | D14: אז כמה נטו צריך בחודש בשביל זה (כולל קה"ש ופנסיה)?
A15: שיעור המשיכה הבטוח | B15: 0.038 | D15: =E2-E10-E12 -> 52379.591
D16: שכר בסיס נטו | E16: קרן השתלמות ופנסיה | F16: מניות ובונוסים נטו
D17: =55%*B13 -> 24750 | E17: =(20.833%)*B13+1571*2 -> 12516.85 | F17: =D15-D17-E17 -> 15112.741
E19: ברוטו בדולרים בשנה זה | F19: =F17*12*2/3.7 -> 98028.589
A20: הטבלה הזו - מראה טריידאוף בין עוצמת החיסכון לעוצמת התשואה (הריאלית)
A21: חסכון / תשואה | B21: 0.03 | C21: 0.04 | D21: 0.05 | E21: 0.06 | F21: 0.07 | G21: 0.08
A22: 0.1 | B22: =-FV(B$21,'תכנון פרישה'!שנות_עבודה_שנותרו,$D$15*12*$A22)+('תכנון פרישה'!חסכון_נוכחי_2023*(1+B$21)^'תכנון פרישה'!שנות_עבודה_שנותרו) -> 2177993.6 | C22: =-FV(C$21,'תכנון פרישה'!שנות_עבודה_שנותרו,$D$15*12*$A22)+('תכנון פרישה'!חסכון_נוכחי_2023*(1+C$21)^'תכנון פרישה'!שנות_עבודה_שנותרו) -> 2474166.1 | D22: =-FV(D$21,'תכנון פרישה'!שנות_עבודה_שנותרו,$D$15*12*$A22)+('תכנון פרישה'!חסכון_נוכחי_2023*(1+D$21)^'תכנון פרישה'!שנות_עבודה_שנותרו) -> 2819140.3 | E22: =-FV(E$21,'תכנון פרישה'!שנות_עבודה_שנותרו,$D$15*12*$A22)+('תכנון פרישה'!חסכון_נוכחי_2023*(1+E$21)^'תכנון פרישה'!שנות_עבודה_שנותרו) -> 3221329.1 | F22: =-FV(F$21,'תכנון פרישה'!שנות_עבודה_שנותרו,$D$15*12*$A22)+('תכנון פרישה'!חסכון_נוכחי_2023*(1+F$21)^'תכנון פרישה'!שנות_עבודה_שנותרו) -> 3690592.9 | G22: =-FV(G$21,'תכנון פרישה'!שנות_עבודה_שנותרו,$D$15*12*$A22)+('תכנון פרישה'!חסכון_נוכחי_2023*(1+G$21)^'תכנון פרישה'!שנות_עבודה_שנותרו) -> 4238481.5
A23: כמה נמשוך רק מהתשואה בגיל פרישה | B23: =B22*B$21/12 -> 5444.9839 | C23: =C22*C$21/12 -> 8247.2204 | D23: =D22*D$21/12 -> 11746.418 | E23: =E22*E$21/12 -> 16106.646 | F23: =F22*F$21/12 -> 21528.459 | G23: =G22*G$21/12 -> 28256.544
A24: ="כמה נמשוך כולל הקרן , מהפרישה ועד גיל "&$E$4&"" -> כמה נמשוך כולל הקרן , מהפרישה ועד גיל 60 | B24: =-PMT(B$21,'תכנון פרישה'!גיל_הפנסיה-'תכנון פרישה'!הגיל_שלנו_2023-'תכנון פרישה'!שנות_עבודה_שנותרו,B22)/12 -> 21277.274 | C24: =-PMT(C$21,'תכנון פרישה'!גיל_הפנסיה-'תכנון פרישה'!הגיל_שלנו_2023-'תכנון פרישה'!שנות_עבודה_שנותרו,C22)/12 -> 25420.19 | D24: =-PMT(D$21,'תכנון פרישה'!גיל_הפנסיה-'תכנון פרישה'!הגיל_שלנו_2023-'תכנון פרישה'!שנות_עבודה_שנותרו,D22)/12 -> 30424.297 | E24: =-PMT(E$21,'תכנון פרישה'!גיל_הפנסיה-'תכנון פרישה'!הגיל_שלנו_2023-'תכנון פרישה'!שנות_עבודה_שנותרו,E22)/12 -> 36472.951 | F24: =-PMT(F$21,'תכנון פרישה'!גיל_הפנסיה-'תכנון פרישה'!הגיל_שלנו_2023-'תכנון פרישה'!שנות_עבודה_שנותרו,F22)/12 -> 43788.117 | G24: =-PMT(G$21,'תכנון פרישה'!גיל_הפנסיה-'תכנון פרישה'!הגיל_שלנו_2023-'תכנון פרישה'!שנות_עבודה_שנותרו,G22)/12 -> 52638.228
A25: 0.15 | B25: =-FV(B$21,'תכנון פרישה'!שנות_עבודה_שנותרו,$D$15*12*$A25)+('תכנון פרישה'!חסכון_נוכחי_2023*(1+B$21)^'תכנון פרישה'!שנות_עבודה_שנותרו) -> 3197914.8 | C25: =-FV(C$21,'תכנון פרישה'!שנות_עבודה_שנותרו,$D$15*12*$A25)+('תכנון פרישה'!חסכון_נוכחי_2023*(1+C$21)^'תכנון פרישה'!שנות_עבודה_שנותרו) -> 3624984.1 | D25: =-FV(D$21,'תכנון פרישה'!שנות_עבודה_שנותרו,$D$15*12*$A25)+('תכנון פרישה'!חסכון_נוכחי_2023*(1+D$21)^'תכנון פרישה'!שנות_עבודה_שנותרו) -> 4121207.1 | E25: =-FV(E$21,'תכנון פרישה'!שנות_עבודה_שנותרו,$D$15*12*$A25)+('תכנון פרישה'!חסכון_נוכחי_2023*(1+E$21)^'תכנון פרישה'!שנות_עבודה_שנותרו) -> 4698302.5 | F25: =-FV(F$21,'תכנון פרישה'!שנות_עבודה_שנותרו,$D$15*12*$A25)+('תכנון פרישה'!חסכון_נוכחי_2023*(1+F$21)^'תכנון פרישה'!שנות_עבודה_שנותרו) -> 5369970.8 | G25: =-FV(G$21,'תכנון פרישה'!שנות_עבודה_שנותרו,$D$15*12*$A25)+('תכנון פרישה'!חסכון_נוכחי_2023*(1+G$21)^'תכנון פרישה'!שנות_עבודה_שנותרו) -> 6152221.1
A26: כמה נמשוך רק מהתשואה בגיל פרישה | B26: =B25*B$21/12 -> 7994.7871 | C26: =C25*C$21/12 -> 12083.28 | D26: =D25*D$21/12 -> 17171.696 | E26: =E25*E$21/12 -> 23491.512 | F26: =F25*F$21/12 -> 31324.83 | G26: =G25*G$21/12 -> 41014.807
A27: ="כמה נמשוך כולל הקרן , מהפרישה ועד גיל "&$E$4&"" -> כמה נמשוך כולל הקרן , מהפרישה ועד גיל 60 | B27: =-PMT(B$21,'תכנון פרישה'!גיל_הפנסיה-'תכנון פרישה'!הגיל_שלנו_2023-'תכנון פרישה'!שנות_עבודה_שנותרו,B25)/12 -> 31241.098 | C27: =-PMT(C$21,'תכנון פרישה'!גיל_הפנסיה-'תכנון פרישה'!הגיל_שלנו_2023-'תכנון פרישה'!שנות_עבודה_שנותרו,C25)/12 -> 37243.976 | D27: =-PMT(D$21,'תכנון פרישה'!גיל_הפנסיה-'תכנון פרישה'!הגיל_שלנו_2023-'תכנון פרישה'!שנות_עבודה_שנותרו,D25)/12 -> 44476.264 | E27: =-PMT(E$21,'תכנון פרישה'!גיל_הפנסיה-'תכנון פרישה'!הגיל_שלנו_2023-'תכנון פרישה'!שנות_עבודה_שנותרו,E25)/12 -> 53195.73 | F27: =-PMT(F$21,'תכנון פרישה'!גיל_הפנסיה-'תכנון פרישה'!הגיל_שלנו_2023-'תכנון פרישה'!שנות_עבודה_שנותרו,F25)/12 -> 63713.586 | G27: =-PMT(G$21,'תכנון פרישה'!גיל_הפנסיה-'תכנון פרישה'!הגיל_שלנו_2023-'תכנון פרישה'!שנות_עבודה_שנותרו,G25)/12 -> 76405.197
A28: 0.2 | B28: =-FV(B$21,'תכנון פרישה'!שנות_עבודה_שנותרו,$D$15*12*$A28)+('תכנון פרישה'!חסכון_נוכחי_2023*(1+B$21)^'תכנון פרישה'!שנות_עבודה_שנותרו) -> 4217836.1 | C28: =-FV(C$21,'תכנון פרישה'!שנות_עבודה_שנותרו,$D$15*12*$A28)+('תכנון פרישה'!חסכון_נוכחי_2023*(1+C$21)^'תכנון פרישה'!שנות_עבודה_שנותרו) -> 4775802.1 | D28: =-FV(D$21,'תכנון פרישה'!שנות_עבודה_שנותרו,$D$15*12*$A28)+('תכנון פרישה'!חסכון_נוכחי_2023*(1+D$21)^'תכנון פרישה'!שנות_עבודה_שנותרו) -> 5423273.9 | E28: =-FV(E$21,'תכנון פרישה'!שנות_עבודה_שנותרו,$D$15*12*$A28)+('תכנון פרישה'!חסכון_נוכחי_2023*(1+E$21)^'תכנון פרישה'!שנות_עבודה_שנותרו) -> 6175275.8 | F28: =-FV(F$21,'תכנון פרישה'!שנות_עבודה_שנותרו,$D$15*12*$A28)+('תכנון פרישה'!חסכון_נוכחי_2023*(1+F$21)^'תכנון פרישה'!שנות_עבודה_שנותרו) -> 7049348.8 | G28: =-FV(G$21,'תכנון פרישה'!שנות_עבודה_שנותרו,$D$15*12*$A28)+('תכנון פרישה'!חסכון_נוכחי_2023*(1+G$21)^'תכנון פרישה'!שנות_עבודה_שנותרו) -> 8065960.6
A29: כמה נמשוך רק מהתשואה בגיל פרישה | B29: =B28*B$21/12 -> 10544.59 | C29: =C28*C$21/12 -> 15919.34 | D29: =D28*D$21/12 -> 22596.974 | E29: =E28*E$21/12 -> 30876.379 | F29: =F28*F$21/12 -> 41121.201 | G29: =G28*G$21/12 -> 53773.071
A30: ="כמה נמשוך כולל הקרן , מהפרישה ועד גיל "&$E$4&"" -> כמה נמשוך כולל הקרן , מהפרישה ועד גיל 60 | B30: =-PMT(B$21,'תכנון פרישה'!גיל_הפנסיה-'תכנון פרישה'!הגיל_שלנו_2023-'תכנון פרישה'!שנות_עבודה_שנותרו,B28)/12 -> 41204.922 | C30: =-PMT(C$21,'תכנון פרישה'!גיל_הפנסיה-'תכנון פרישה'!הגיל_שלנו_2023-'תכנון פרישה'!שנות_עבודה_שנותרו,C28)/12 -> 49067.763 | D30: =-PMT(D$21,'תכנון פרישה'!גיל_הפנסיה-'תכנון פרישה'!הגיל_שלנו_2023-'תכנון פרישה'!שנות_עבודה_שנותרו,D28)/12 -> 58528.231 | E30: =-PMT(E$21,'תכנון פרישה'!גיל_הפנסיה-'תכנון פרישה'!הגיל_שלנו_2023-'תכנון פרישה'!שנות_עבודה_שנותרו,E28)/12 -> 69918.51 | F30: =-PMT(F$21,'תכנון פרישה'!גיל_הפנסיה-'תכנון פרישה'!הגיל_שלנו_2023-'תכנון פרישה'!שנות_עבודה_שנותרו,F28)/12 -> 83639.056 | G30: =-PMT(G$21,'תכנון פרישה'!גיל_הפנסיה-'תכנון פרישה'!הגיל_שלנו_2023-'תכנון פרישה'!שנות_עבודה_שנותרו,G28)/12 -> 100172.17
A31: 0.25 | B31: =-FV(B$21,'תכנון פרישה'!שנות_עבודה_שנותרו,$D$15*12*$A31)+('תכנון פרישה'!חסכון_נוכחי_2023*(1+B$21)^'תכנון פרישה'!שנות_עבודה_שנותרו) -> 5237757.4 | C31: =-FV(C$21,'תכנון פרישה'!שנות_עבודה_שנותרו,$D$15*12*$A31)+('תכנון פרישה'!חסכון_נוכחי_2023*(1+C$21)^'תכנון פרישה'!שנות_עבודה_שנותרו) -> 5926620.1 | D31: =-FV(D$21,'תכנון פרישה'!שנות_עבודה_שנותרו,$D$15*12*$A31)+('תכנון פרישה'!חסכון_נוכחי_2023*(1+D$21)^'תכנון פרישה'!שנות_עבודה_שנותרו) -> 6725340.7 | E31: =-FV(E$21,'תכנון פרישה'!שנות_עבודה_שנותרו,$D$15*12*$A31)+('תכנון פרישה'!חסכון_נוכחי_2023*(1+E$21)^'תכנון פרישה'!שנות_עבודה_שנותרו) -> 7652249.1 | F31: =-FV(F$21,'תכנון פרישה'!שנות_עבודה_שנותרו,$D$15*12*$A31)+('תכנון פרישה'!חסכון_נוכחי_2023*(1+F$21)^'תכנון פרישה'!שנות_עבודה_שנותרו) -> 8728726.7 | G31: =-FV(G$21,'תכנון פרישה'!שנות_עבודה_שנותרו,$D$15*12*$A31)+('תכנון פרישה'!חסכון_נוכחי_2023*(1+G$21)^'תכנון פרישה'!שנות_עבודה_שנותרו) -> 9979700.2
A32: כמה נמשוך רק מהתשואה בגיל פרישה | B32: =B31*B$21/12 -> 13094.393 | C32: =C31*C$21/12 -> 19755.4 | D32: =D31*D$21/12 -> 28022.253 | E32: =E31*E$21/12 -> 38261.246 | F32: =F31*F$21/12 -> 50917.572 | G32: =G31*G$21/12 -> 66531.334
A33: ="כמה נמשוך כולל הקרן , מהפרישה ועד גיל "&$E$4&"" -> כמה נמשוך כולל הקרן , מהפרישה ועד גיל 60 | B33: =-PMT(B$21,'תכנון פרישה'!גיל_הפנסיה-'תכנון פרישה'!הגיל_שלנו_2023-'תכנון פרישה'!שנות_עבודה_שנותרו,B31)/12 -> 51168.746 | C33: =-PMT(C$21,'תכנון פרישה'!גיל_הפנסיה-'תכנון פרישה'!הגיל_שלנו_2023-'תכנון פרישה'!שנות_עבודה_שנותרו,C31)/12 -> 60891.55 | D33: =-PMT(D$21,'תכנון פרישה'!גיל_הפנסיה-'תכנון פרישה'!הגיל_שלנו_2023-'תכנון פרישה'!שנות_עבודה_שנותרו,D31)/12 -> 72580.199 | E33: =-PMT(E$21,'תכנון פרישה'!גיל_הפנסיה-'תכנון פרישה'!הגיל_שלנו_2023-'תכנון פרישה'!שנות_עבודה_שנותרו,E31)/12 -> 86641.289 | F33: =-PMT(F$21,'תכנון פרישה'!גיל_הפנסיה-'תכנון פרישה'!הגיל_שלנו_2023-'תכנון פרישה'!שנות_עבודה_שנותרו,F31)/12 -> 103564.53 | G33: =-PMT(G$21,'תכנון פרישה'!גיל_הפנסיה-'תכנון פרישה'!הגיל_שלנו_2023-'תכנון פרישה'!שנות_עבודה_שנותרו,G31)/12 -> 123939.13
A34: 0.3 | B34: =-FV(B$21,'תכנון פרישה'!שנות_עבודה_שנותרו,$D$15*12*$A34)+('תכנון פרישה'!חסכון_נוכחי_2023*(1+B$21)^'תכנון פרישה'!שנות_עבודה_שנותרו) -> 6257678.6 | C34: =-FV(C$21,'תכנון פרישה'!שנות_עבודה_שנותרו,$D$15*12*$A34)+('תכנון פרישה'!חסכון_נוכחי_2023*(1+C$21)^'תכנון פרישה'!שנות_עבודה_שנותרו) -> 7077438.2 | D34: =-FV(D$21,'תכנון פרישה'!שנות_עבודה_שנותרו,$D$15*12*$A34)+('תכנון פרישה'!חסכון_נוכחי_2023*(1+D$21)^'תכנון פרישה'!שנות_עבודה_שנותרו) -> 8027407.5 | E34: =-FV(E$21,'תכנון פרישה'!שנות_עבודה_שנותרו,$D$15*12*$A34)+('תכנון פרישה'!חסכון_נוכחי_2023*(1+E$21)^'תכנון פרישה'!שנות_עבודה_שנותרו) -> 9129222.5 | F34: =-FV(F$21,'תכנון פרישה'!שנות_עבודה_שנותרו,$D$15*12*$A34)+('תכנון פרישה'!חסכון_נוכחי_2023*(1+F$21)^'תכנון פרישה'!שנות_עבודה_שנותרו) -> 10408105 | G34: =-FV(G$21,'תכנון פרישה'!שנות_עבודה_שנותרו,$D$15*12*$A34)+('תכנון פרישה'!חסכון_נוכחי_2023*(1+G$21)^'תכנון פרישה'!שנות_עבודה_שנותרו) -> 11893440
A35: כמה נמשוך רק מהתשואה בגיל פרישה | B35: =B34*B$21/12 -> 15644.197 | C35: =C34*C$21/12 -> 23591.461 | D35: =D34*D$21/12 -> 33447.531 | E35: =E34*E$21/12 -> 45646.112 | F35: =F34*F$21/12 -> 60713.943 | G35: =G34*G$21/12 -> 79289.598
A36: ="כמה נמשוך כולל הקרן , מהפרישה ועד גיל "&$E$4&"" -> כמה נמשוך כולל הקרן , מהפרישה ועד גיל 60 | B36: =-PMT(B$21,'תכנון פרישה'!גיל_הפנסיה-'תכנון פרישה'!הגיל_שלנו_2023-'תכנון פרישה'!שנות_עבודה_שנותרו,B34)/12 -> 61132.57 | C36: =-PMT(C$21,'תכנון פרישה'!גיל_הפנסיה-'תכנון פרישה'!הגיל_שלנו_2023-'תכנון פרישה'!שנות_עבודה_שנותרו,C34)/12 -> 72715.336 | D36: =-PMT(D$21,'תכנון פרישה'!גיל_הפנסיה-'תכנון פרישה'!הגיל_שלנו_2023-'תכנון פרישה'!שנות_עבודה_שנותרו,D34)/12 -> 86632.166 | E36: =-PMT(E$21,'תכנון פרישה'!גיל_הפנסיה-'תכנון פרישה'!הגיל_שלנו_2023-'תכנון פרישה'!שנות_עבודה_שנותרו,E34)/12 -> 103364.07 | F36: =-PMT(F$21,'תכנון פרישה'!גיל_הפנסיה-'תכנון פרישה'!הגיל_שלנו_2023-'תכנון פרישה'!שנות_עבודה_שנותרו,F34)/12 -> 123489.99 | G36: =-PMT(G$21,'תכנון פרישה'!גיל_הפנסיה-'תכנון פרישה'!הגיל_שלנו_2023-'תכנון פרישה'!שנות_עבודה_שנותרו,G34)/12 -> 147706.1
A37: 0.35 | B37: =-FV(B$21,'תכנון פרישה'!שנות_עבודה_שנותרו,$D$15*12*$A37)+('תכנון פרישה'!חסכון_נוכחי_2023*(1+B$21)^'תכנון פרישה'!שנות_עבודה_שנותרו) -> 7277599.9 | C37: =-FV(C$21,'תכנון פרישה'!שנות_עבודה_שנותרו,$D$15*12*$A37)+('תכנון פרישה'!חסכון_נוכחי_2023*(1+C$21)^'תכנון פרישה'!שנות_עבודה_שנותרו) -> 8228256.2 | D37: =-FV(D$21,'תכנון פרישה'!שנות_עבודה_שנותרו,$D$15*12*$A37)+('תכנון פרישה'!חסכון_נוכחי_2023*(1+D$21)^'תכנון פרישה'!שנות_עבודה_שנותרו) -> 9329474.3 | E37: =-FV(E$21,'תכנון פרישה'!שנות_עבודה_שנותרו,$D$15*12*$A37)+('תכנון פרישה'!חסכון_נוכחי_2023*(1+E$21)^'תכנון פרישה'!שנות_עבודה_שנותרו) -> 10606196 | F37: =-FV(F$21,'תכנון פרישה'!שנות_עבודה_שנותרו,$D$15*12*$A37)+('תכנון פרישה'!חסכון_נוכחי_2023*(1+F$21)^'תכנון פרישה'!שנות_עבודה_שנותרו) -> 12087482 | G37: =-FV(G$21,'תכנון פרישה'!שנות_עבודה_שנותרו,$D$15*12*$A37)+('תכנון פרישה'!חסכון_נוכחי_2023*(1+G$21)^'תכנון פרישה'!שנות_עבודה_שנותרו) -> 13807179
A38: כמה נמשוך רק מהתשואה בגיל פרישה | B38: =B37*B$21/12 -> 18194 | C38: =C37*C$21/12 -> 27427.521 | D38: =D37*D$21/12 -> 38872.809 | E38: =E37*E$21/12 -> 53030.979 | F38: =F37*F$21/12 -> 70510.315 | G38: =G37*G$21/12 -> 92047.862
A39: ="כמה נמשוך כולל הקרן , מהפרישה ועד גיל "&$E$4&"" -> כמה נמשוך כולל הקרן , מהפרישה ועד גיל 60 | B39: =-PMT(B$21,'תכנון פרישה'!גיל_הפנסיה-'תכנון פרישה'!הגיל_שלנו_2023-'תכנון פרישה'!שנות_עבודה_שנותרו,B37)/12 -> 71096.393 | C39: =-PMT(C$21,'תכנון פרישה'!גיל_הפנסיה-'תכנון פרישה'!הגיל_שלנו_2023-'תכנון פרישה'!שנות_עבודה_שנותרו,C37)/12 -> 84539.123 | D39: =-PMT(D$21,'תכנון פרישה'!גיל_הפנסיה-'תכנון פרישה'!הגיל_שלנו_2023-'תכנון פרישה'!שנות_עבודה_שנותרו,D37)/12 -> 100684.13 | E39: =-PMT(E$21,'תכנון פרישה'!גיל_הפנסיה-'תכנון פרישה'!הגיל_שלנו_2023-'תכנון פרישה'!שנות_עבודה_שנותרו,E37)/12 -> 120086.85 | F39: =-PMT(F$21,'תכנון פרישה'!גיל_הפנסיה-'תכנון פרישה'!הגיל_שלנו_2023-'תכנון פרישה'!שנות_עבודה_שנותרו,F37)/12 -> 143415.46 | G39: =-PMT(G$21,'תכנון פרישה'!גיל_הפנסיה-'תכנון פרישה'!הגיל_שלנו_2023-'תכנון פרישה'!שנות_עבודה_שנותרו,G37)/12 -> 171473.07
A40: 0.4 | B40: =-FV(B$21,'תכנון פרישה'!שנות_עבודה_שנותרו,$D$15*12*$A40)+('תכנון פרישה'!חסכון_נוכחי_2023*(1+B$21)^'תכנון פרישה'!שנות_עבודה_שנותרו) -> 8297521.1 | C40: =-FV(C$21,'תכנון פרישה'!שנות_עבודה_שנותרו,$D$15*12*$A40)+('תכנון פרישה'!חסכון_נוכחי_2023*(1+C$21)^'תכנון פרישה'!שנות_עבודה_שנותרו) -> 9379074.2 | D40: =-FV(D$21,'תכנון פרישה'!שנות_עבודה_שנותרו,$D$15*12*$A40)+('תכנון פרישה'!חסכון_נוכחי_2023*(1+D$21)^'תכנון פרישה'!שנות_עבודה_שנותרו) -> 10631541 | E40: =-FV(E$21,'תכנון פרישה'!שנות_עבודה_שנותרו,$D$15*12*$A40)+('תכנון פרישה'!חסכון_נוכחי_2023*(1+E$21)^'תכנון פרישה'!שנות_עבודה_שנותרו) -> 12083169 | F40: =-FV(F$21,'תכנון פרישה'!שנות_עבודה_שנותרו,$D$15*12*$A40)+('תכנון פרישה'!חסכון_נוכחי_2023*(1+F$21)^'תכנון פרישה'!שנות_עבודה_שנותרו) -> 13766860 | G40: =-FV(G$21,'תכנון פרישה'!שנות_עבודה_שנותרו,$D$15*12*$A40)+('תכנון פרישה'!חסכון_נוכחי_2023*(1+G$21)^'תכנון פרישה'!שנות_עבודה_שנותרו) -> 15720919
A41: כמה נמשוך רק מהתשואה בגיל פרישה | B41: =B40*B$21/12 -> 20743.803 | C41: =C40*C$21/12 -> 31263.581 | D41: =D40*D$21/12 -> 44298.088 | E41: =E40*E$21/12 -> 60415.846 | F41: =F40*F$21/12 -> 80306.686 | G41: =G40*G$21/12 -> 104806.13
A42: ="כמה נמשוך כולל הקרן , מהפרישה ועד גיל "&$E$4&"" -> כמה נמשוך כולל הקרן , מהפרישה ועד גיל 60 | B42: =-PMT(B$21,'תכנון פרישה'!גיל_הפנסיה-'תכנון פרישה'!הגיל_שלנו_2023-'תכנון פרישה'!שנות_עבודה_שנותרו,B40)/12 -> 81060.217 | C42: =-PMT(C$21,'תכנון פרישה'!גיל_הפנסיה-'תכנון פרישה'!הגיל_שלנו_2023-'תכנון פרישה'!שנות_עבודה_שנותרו,C40)/12 -> 96362.909 | D42: =-PMT(D$21,'תכנון פרישה'!גיל_הפנסיה-'תכנון פרישה'!הגיל_שלנו_2023-'תכנון פרישה'!שנות_עבודה_שנותרו,D40)/12 -> 114736.1 | E42: =-PMT(E$21,'תכנון פרישה'!גיל_הפנסיה-'תכנון פרישה'!הגיל_שלנו_2023-'תכנון פרישה'!שנות_עבודה_שנותרו,E40)/12 -> 136809.63 | F42: =-PMT(F$21,'תכנון פרישה'!גיל_הפנסיה-'תכנון פרישה'!הגיל_שלנו_2023-'תכנון פרישה'!שנות_עבודה_שנותרו,F40)/12 -> 163340.93 | G42: =-PMT(G$21,'תכנון פרישה'!גיל_הפנסיה-'תכנון פרישה'!הגיל_שלנו_2023-'תכנון פרישה'!שנות_עבודה_שנותרו,G40)/12 -> 195240.04
A43: 0.45 | B43: =-FV(B$21,'תכנון פרישה'!שנות_עבודה_שנותרו,$D$15*12*$A43)+('תכנון פרישה'!חסכון_נוכחי_2023*(1+B$21)^'תכנון פרישה'!שנות_עבודה_שנותרו) -> 9317442.4 | C43: =-FV(C$21,'תכנון פרישה'!שנות_עבודה_שנותרו,$D$15*12*$A43)+('תכנון פרישה'!חסכון_נוכחי_2023*(1+C$21)^'תכנון פרישה'!שנות_עבודה_שנותרו) -> 10529892 | D43: =-FV(D$21,'תכנון פרישה'!שנות_עבודה_שנותרו,$D$15*12*$A43)+('תכנון פרישה'!חסכון_נוכחי_2023*(1+D$21)^'תכנון פרישה'!שנות_עבודה_שנותרו) -> 11933608 | E43: =-FV(E$21,'תכנון פרישה'!שנות_עבודה_שנותרו,$D$15*12*$A43)+('תכנון פרישה'!חסכון_נוכחי_2023*(1+E$21)^'תכנון פרישה'!שנות_עבודה_שנותרו) -> 13560142 | F43: =-FV(F$21,'תכנון פרישה'!שנות_עבודה_שנותרו,$D$15*12*$A43)+('תכנון פרישה'!חסכון_נוכחי_2023*(1+F$21)^'תכנון פרישה'!שנות_עבודה_שנותרו) -> 15446238 | G43: =-FV(G$21,'תכנון פרישה'!שנות_עבודה_שנותרו,$D$15*12*$A43)+('תכנון פרישה'!חסכון_נוכחי_2023*(1+G$21)^'תכנון פרישה'!שנות_עבודה_שנותרו) -> 17634658
A44: כמה נמשוך רק מהתשואה בגיל פרישה | B44: =B43*B$21/12 -> 23293.606 | C44: =C43*C$21/12 -> 35099.641 | D44: =D43*D$21/12 -> 49723.366 | E44: =E43*E$21/12 -> 67800.712 | F44: =F43*F$21/12 -> 90103.057 | G44: =G43*G$21/12 -> 117564.39
A45: ="כמה נמשוך כולל הקרן , מהפרישה ועד גיל "&$E$4&"" -> כמה נמשוך כולל הקרן , מהפרישה ועד גיל 60 | B45: =-PMT(B$21,'תכנון פרישה'!גיל_הפנסיה-'תכנון פרישה'!הגיל_שלנו_2023-'תכנון פרישה'!שנות_עבודה_שנותרו,B43)/12 -> 91024.041 | C45: =-PMT(C$21,'תכנון פרישה'!גיל_הפנסיה-'תכנון פרישה'!הגיל_שלנו_2023-'תכנון פרישה'!שנות_עבודה_שנותרו,C43)/12 -> 108186.7 | D45: =-PMT(D$21,'תכנון פרישה'!גיל_הפנסיה-'תכנון פרישה'!הגיל_שלנו_2023-'תכנון פרישה'!שנות_עבודה_שנותרו,D43)/12 -> 128788.07 | E45: =-PMT(E$21,'תכנון פרישה'!גיל_הפנסיה-'תכנון פרישה'!הגיל_שלנו_2023-'תכנון פרישה'!שנות_עבודה_שנותרו,E43)/12 -> 153532.41 | F45: =-PMT(F$21,'תכנון פרישה'!גיל_הפנסיה-'תכנון פרישה'!הגיל_שלנו_2023-'תכנון פרישה'!שנות_עבודה_שנותרו,F43)/12 -> 183266.4 | G45: =-PMT(G$21,'תכנון פרישה'!גיל_הפנסיה-'תכנון פרישה'!הגיל_שלנו_2023-'תכנון פרישה'!שנות_עבודה_שנותרו,G43)/12 -> 219007.01
A46: 0.5 | B46: =-FV(B$21,'תכנון פרישה'!שנות_עבודה_שנותרו,$D$15*12*$A46)+('תכנון פרישה'!חסכון_נוכחי_2023*(1+B$21)^'תכנון פרישה'!שנות_עבודה_שנותרו) -> 10337364 | C46: =-FV(C$21,'תכנון פרישה'!שנות_עבודה_שנותרו,$D$15*12*$A46)+('תכנון פרישה'!חסכון_נוכחי_2023*(1+C$21)^'תכנון פרישה'!שנות_עבודה_שנותרו) -> 11680710 | D46: =-FV(D$21,'תכנון פרישה'!שנות_עבודה_שנותרו,$D$15*12*$A46)+('תכנון פרישה'!חסכון_נוכחי_2023*(1+D$21)^'תכנון פרישה'!שנות_עבודה_שנותרו) -> 13235675 | E46: =-FV(E$21,'תכנון פרישה'!שנות_עבודה_שנותרו,$D$15*12*$A46)+('תכנון פרישה'!חסכון_נוכחי_2023*(1+E$21)^'תכנון פרישה'!שנות_עבודה_שנותרו) -> 15037116 | F46: =-FV(F$21,'תכנון פרישה'!שנות_עבודה_שנותרו,$D$15*12*$A46)+('תכנון פרישה'!חסכון_נוכחי_2023*(1+F$21)^'תכנון פרישה'!שנות_עבודה_שנותרו) -> 17125616 | G46: =-FV(G$21,'תכנון פרישה'!שנות_עבודה_שנותרו,$D$15*12*$A46)+('תכנון פרישה'!חסכון_נוכחי_2023*(1+G$21)^'תכנון פרישה'!שנות_עבודה_שנותרו) -> 19548398
A47: כמה נמשוך רק מהתשואה בגיל פרישה | B47: =B46*B$21/12 -> 25843.409 | C47: =C46*C$21/12 -> 38935.701 | D47: =D46*D$21/12 -> 55148.644 | E47: =E46*E$21/12 -> 75185.579 | F47: =F46*F$21/12 -> 99899.428 | G47: =G46*G$21/12 -> 130322.65
A48: ="כמה נמשוך כולל הקרן , מהפרישה ועד גיל "&$E$4&"" -> כמה נמשוך כולל הקרן , מהפרישה ועד גיל 60 | B48: =-PMT(B$21,'תכנון פרישה'!גיל_הפנסיה-'תכנון פרישה'!הגיל_שלנו_2023-'תכנון פרישה'!שנות_עבודה_שנותרו,B46)/12 -> 100987.87 | C48: =-PMT(C$21,'תכנון פרישה'!גיל_הפנסיה-'תכנון פרישה'!הגיל_שלנו_2023-'תכנון פרישה'!שנות_עבודה_שנותרו,C46)/12 -> 120010.48 | D48: =-PMT(D$21,'תכנון פרישה'!גיל_הפנסיה-'תכנון פרישה'!הגיל_שלנו_2023-'תכנון פרישה'!שנות_עבודה_שנותרו,D46)/12 -> 142840.04 | E48: =-PMT(E$21,'תכנון פרישה'!גיל_הפנסיה-'תכנון פרישה'!הגיל_שלנו_2023-'תכנון פרישה'!שנות_עבודה_שנותרו,E46)/12 -> 170255.19 | F48: =-PMT(F$21,'תכנון פרישה'!גיל_הפנסיה-'תכנון פרישה'!הגיל_שלנו_2023-'תכנון פרישה'!שנות_עבודה_שנותרו,F46)/12 -> 203191.87 | G48: =-PMT(G$21,'תכנון פרישה'!גיל_הפנסיה-'תכנון פרישה'!הגיל_שלנו_2023-'תכנון פרישה'!שנות_עבודה_שנותרו,G46)/12 -> 242773.98

Sheet תכנון פרישה (מינימום FU money)
I1: מהפרישה המוקדמת ועד גיל הפרישה (הפנסיה) | O1: בפנסיה
A2: שנות עבודה עד הפרישה | B2: 4.5 | D2: הכנסה חודשית ברוטו מפרישה ועד גיל פנסיה (לרמת החיים שהתרגלנו) | E2: 20000 | K2: חיסכון חודשי בעת העבודה | L2: מצב בעת הפרישה | Q2: מצב בעת היציאה לפנסיה
J3: קופות גמל | K3: =(8.33%+6%+6.5%)*'תכנון פרישה (מינימום FU money)'!השכר_הסוציאלי_2023-'תכנון פרישה (מינימום FU money)'!תקרת_הפקדה_לפנסיה_בשנת_2023 -> 4507.5 | L3: =fv($B$4,$B$2,-K3*12)+'תכנון פרישה (מינימום FU money)'!קופת_גמל*(1+$B$4)^$B$2 -> 265607.07 | P3: קופות גמל | Q3: =L3*(1+'תכנון פרישה (מינימום FU money)'!תשואה_ריאלית)^('תכנון פרישה (מינימום FU money)'!גיל_הפנסיה-'תכנון פרישה (מינימום FU money)'!שנות_עבודה_שנותרו-'תכנון פרישה (מינימום FU money)'!הגיל_שלנו_2023) -> 1066926.9
A4: תשואה ריאלית על השקעות ונכסים | B4: 0.05 | D4: גיל למשיכת כספים סוציאליים (לפחות 60) | E4: 60 | J4: קרנות פנסיה | K4: 4866 | L4: =fv($B$4,$B$2,-K4*12)+'תכנון פרישה (מינימום FU money)'!קרן_פנסיה*(1+$B$4)^$B$2 -> 473560.39 | P4: קרנות פנסיה | Q4: =L4*(1+'תכנון פרישה (מינימום FU money)'!תשואה_ריאלית)^('תכנון פרישה (מינימום FU money)'!גיל_הפנסיה-'תכנון פרישה (מינימום FU money)'!שנות_עבודה_שנותרו-'תכנון פרישה (מינימום FU money)'!הגיל_שלנו_2023) -> 1902262.2
A5: קרנות השתלמות | B5: ='תכנון פרישה'!B5 -> 70000 | J5: קרן השתלמות | K5: =1571*2 -> 3142 | L5: =fv($B$4,$B$2,-K5*12)+B5*(1+$B$4)^$B$2 -> 272330.82
A6: הון עצמי מושקע | B6: ='תכנון פרישה'!B6 -> 100000 | J6: הון עצמי מושקע | K6: =-E12-sum(K3:K5) -> 87903.054 | L6: =fv($B$4,$B$2,-K6*12)+B6*(1+$B$4)^$B$2 -> 5304291.2 | P6: פנסיה ברוטו | Q6: =SUM(Q3:Q4)/(202+4*(67-E4)) -> 12909.518
A7: קרנות פנסיה | B7: ='תכנון פרישה'!B7 -> 150000
A8: קופת גמל \ ביטוחי מנהלים | B8: ='תכנון פרישה'!B8 | J8: הון עצמי לשימושנו | K8: =L5+L6 -> 5576622
A9: ריבית משכנתא ממוצעת | B9: ='תכנון פרישה'!B9 -> 0.045 | E9: מחושב | F9: באחוזים מהשכר | J9: למשך תקופה של | K9: =E4-B2-B14 -> 28.5 | L9: שנים
A10: יתרת משכנתא | B10: ='תכנון פרישה'!B10 -> 900000 | D10: תשלום חודשי לבית | E10: =PMT(B9,$B$2,B10)/12 -> -18782.088 | F10: =-E10/$D$15 -> 0.13492817 | J10: בשיעור משיכה של | K10: =E2*12/K8 -> 0.043036806 | L10: בשנה
A11: סכום שיידרש בגיל הפרישה (כילוי מלא ללא השקעה) | B11: =E2*12*('תכנון פרישה (מינימום FU money)'!גיל_הפנסיה-'תכנון פרישה (מינימום FU money)'!הגיל_שלנו_2023-'תכנון פרישה (מינימום FU money)'!שנות_עבודה_שנותרו) -> 6840000 | D11: תשלום חודשי להשקעות | E11: =PMT($B$4,$B$2, ,B11-($B$5*(1+$B$4)^$B$2))/12 -> -114599 | F11: =-E11/$D$15 -> 0.82326491
A12: סכום שיידרש בגיל הפרישה (ללא כילוי) | B12: =E2*12/'תכנון פרישה (מינימום FU money)'!שיעור_משיכה_בטוח -> 6315789.5 | D12: תשלום חודשי להשקעות | E12: =PMT($B$4,$B$2, ,B12-(($B$5+$B$6+$B$7+$B$8)*(1+$B$4)^$B$2))/12 -> -100418.55 | F12: =-E12/$D$15 -> 0.72139433
A13: השכר הסוציאלי (ברוטו) למשק בית בממוצע לשנים האלו | B13: ='תכנון פרישה'!B13 -> 45000
A14: הגיל היום | B14: ='תכנון פרישה'!B14 -> 27 | D14: אז כמה נטו צריך בחודש בשביל זה (כולל קה"ש ופנסיה)?
A15: שיעור המשיכה הבטוח | B15: 0.038 | D15: =E2-E10-E12 -> 139200.64
D16: שכר בסיס נטו | E16: קרן השתלמות ופנסיה | F16: מניות ובונוסים נטו
D17: =55%*B13 -> 24750 | E17: =(20.833%)*B13+1571*2 -> 12516.85 | F17: =D15-D17-E17 -> 101933.79
E19: ברוטו בדולרים בשנה זה | F19: =F17*12*2/3.7 -> 661192.17
A20: הטבלה הזו - מראה טריידאוף בין עוצמת החיסכון לעוצמת התשואה (הריאלית)
A21: חסכון / תשואה | B21: 0.03 | C21: 0.04 | D21: 0.05 | E21: 0.06 | F21: 0.07 | G21: 0.08
A22: 0.1 | B22: =-FV(B$21,'תכנון פרישה (מינימום FU money)'!שנות_עבודה_שנותרו,$D$15*12*$A22)+('תכנון פרישה (מינימום FU money)'!חסכון_נוכחי_2023*(1+B$21)^'תכנון פרישה (מינימום FU money)'!שנות_עבודה_שנותרו) -> 872103.24 | C22: =-FV(C$21,'תכנון פרישה (מינימום FU money)'!שנות_עבודה_שנותרו,$D$15*12*$A22)+('תכנון פרישה (מינימום FU money)'!חסכון_נוכחי_2023*(1+C$21)^'תכנון פרישה (מינימום FU money)'!שנות_עבודה_שנותרו) -> 889593.5 | D22: =-FV(D$21,'תכנון פרישה (מינימום FU money)'!שנות_עבודה_שנותרו,$D$15*12*$A22)+('תכנון פרישה (מינימום FU money)'!חסכון_נוכחי_2023*(1+D$21)^'תכנון פרישה (מינימום FU money)'!שנות_עבודה_שנותרו) -> 907434.55 | E22: =-FV(E$21,'תכנון פרישה (מינימום FU money)'!שנות_עבודה_שנותרו,$D$15*12*$A22)+('תכנון פרישה (מינימום FU money)'!חסכון_נוכחי_2023*(1+E$21)^'תכנון פרישה (מינימום FU money)'!שנות_עבודה_שנותרו) -> 925631.86 | F22: =-FV(F$21,'תכנון פרישה (מינימום FU money)'!שנות_עבודה_שנותרו,$D$15*12*$A22)+('תכנון פרישה (מינימום FU money)'!חסכון_נוכחי_2023*(1+F$21)^'תכנון פרישה (מינימום FU money)'!שנות_עבודה_שנותרו) -> 944190.93 | G22: =-FV(G$21,'תכנון פרישה (מינימום FU money)'!שנות_עבודה_שנותרו,$D$15*12*$A22)+('תכנון פרישה (מינימום FU money)'!חסכון_נוכחי_2023*(1+G$21)^'תכנון פרישה (מינימום FU money)'!שנות_עבודה_שנותרו) -> 963117.32
A23: כמה נמשוך רק מהתשואה בגיל פרישה | B23: =B22*B$21/12 -> 2180.2581 | C23: =C22*C$21/12 -> 2965.3117 | D23: =D22*D$21/12 -> 3780.9773 | E23: =E22*E$21/12 -> 4628.1593 | F23: =F22*F$21/12 -> 5507.7805 | G23: =G22*G$21/12 -> 6420.7822
A24: ="כמה נמשוך כולל הקרן , מהפרישה ועד גיל "&$E$4&"" -> כמה נמשוך כולל הקרן , מהפרישה ועד גיל 60 | B24: =-PMT(B$21,'תכנון פרישה (מינימום FU money)'!גיל_הפנסיה-'תכנון פרישה (מינימום FU money)'!הגיל_שלנו_2023-'תכנון פרישה (מינימום FU money)'!שנות_עבודה_שנותרו,B22)/12 -> 3829.4787 | C24: =-PMT(C$21,'תכנון פרישה (מינימום FU money)'!גיל_הפנסיה-'תכנון פרישה (מינימום FU money)'!הגיל_שלנו_2023-'תכנון פרישה (מינימום FU money)'!שנות_עבודה_שנותרו,C22)/12 -> 4406.1197 | D24: =-PMT(D$21,'תכנון פרישה (מינימום FU money)'!גיל_הפנסיה-'תכנון פרישה (מינימום FU money)'!הגיל_שלנו_2023-'תכנון פרישה (מינימום FU money)'!שנות_עבודה_שנותרו,D22)/12 -> 5034.2276 | E24: =-PMT(E$21,'תכנון פרישה (מינימום FU money)'!גיל_הפנסיה-'תכנון פרישה (מינימום FU money)'!הגיל_שלנו_2023-'תכנון פרישה (מינימום FU money)'!שנות_עבודה_שנותרו,E22)/12 -> 5713.8672 | F24: =-PMT(F$21,'תכנון פרישה (מינימום FU money)'!גיל_הפנסיה-'תכנון פרישה (מינימום FU money)'!הגיל_שלנו_2023-'תכנון פרישה (מינימום FU money)'!שנות_עבודה_שנותרו,F22)/12 -> 6444.8584 | G24: =-PMT(G$21,'תכנון פרישה (מינימום FU money)'!גיל_הפנסיה-'תכנון פרישה (מינימום FU money)'!הגיל_שלנו_2023-'תכנון פרישה (מינימום FU money)'!שנות_עבודה_שנותרו,G22)/12 -> 7226.8509
A25: 0.15 | B25: =-FV(B$21,'תכנון פרישה (מינימום FU money)'!שנות_עבודה_שנותרו,$D$15*12*$A25)+('תכנון פרישה (מינימום FU money)'!חסכון_נוכחי_2023*(1+B$21)^'תכנון פרישה (מינימום FU money)'!שנות_עבודה_שנותרו) -> 1268175.5 | C25: =-FV(C$21,'תכנון פרישה (מינימום FU money)'!שנות_עבודה_שנותרו,$D$15*12*$A25)+('תכנון פרישה (מינימום FU money)'!חסכון_נוכחי_2023*(1+C$21)^'תכנון פרישה (מינימום FU money)'!שנות_עבודה_שנותרו) -> 1292634.3 | D25: =-FV(D$21,'תכנון פרישה (מינימום FU money)'!שנות_עבודה_שנותרו,$D$15*12*$A25)+('תכנון פרישה (מינימום FU money)'!חסכון_נוכחי_2023*(1+D$21)^'תכנון פרישה (מינימום FU money)'!שנות_עבודה_שנותרו) -> 1317558.5 | E25: =-FV(E$21,'תכנון פרישה (מינימום FU money)'!שנות_עבודה_שנותרו,$D$15*12*$A25)+('תכנון פרישה (מינימום FU money)'!חסכון_נוכחי_2023*(1+E$21)^'תכנון פרישה (מינימום FU money)'!שנות_עבודה_שנותרו) -> 1342954.8 | F25: =-FV(F$21,'תכנון פרישה (מינימום FU money)'!שנות_עבודה_שנותרו,$D$15*12*$A25)+('תכנון פרישה (מינימום FU money)'!חסכון_נוכחי_2023*(1+F$21)^'תכנון פרישה (מינימום FU money)'!שנות_עבודה_שנותרו) -> 1368830 | G25: =-FV(G$21,'תכנון פרישה (מינימום FU money)'!שנות_עבודה_שנותרו,$D$15*12*$A25)+('תכנון פרישה (מינימום FU money)'!חסכון_נוכחי_2023*(1+G$21)^'תכנון פרישה (מינימום FU money)'!שנות_עבודה_שנותרו) -> 1395190.8
A26: כמה נמשוך רק מהתשואה בגיל פרישה | B26: =B25*B$21/12 -> 3170.4388 | C26: =C25*C$21/12 -> 4308.7811 | D26: =D25*D$21/12 -> 5489.8272 | E26: =E25*E$21/12 -> 6714.7741 | F26: =F25*F$21/12 -> 7984.8415 | G26: =G25*G$21/12 -> 9301.2722
A27: ="כמה נמשוך כולל הקרן , מהפרישה ועד גיל "&$E$4&"" -> כמה נמשוך כולל הקרן , מהפרישה ועד גיל 60 | B27: =-PMT(B$21,'תכנון פרישה (מינימום FU money)'!גיל_הפנסיה-'תכנון פרישה (מינימום FU money)'!הגיל_שלנו_2023-'תכנון פרישה (מינימום FU money)'!שנות_עבודה_שנותרו,B25)/12 -> 5568.6654 | C27: =-PMT(C$21,'תכנון פרישה (מינימום FU money)'!גיל_הפנסיה-'תכנון פרישה (מינימום FU money)'!הגיל_שלנו_2023-'תכנון פרישה (מינימום FU money)'!שנות_עבודה_שנותרו,C25)/12 -> 6402.3642 | D27: =-PMT(D$21,'תכנון פרישה (מינימום FU money)'!גיל_הפנסיה-'תכנון פרישה (מינימום FU money)'!הגיל_שלנו_2023-'תכנון פרישה (מינימום FU money)'!שנות_עבודה_שנותרו,D25)/12 -> 7309.4963 | E27: =-PMT(E$21,'תכנון פרישה (מינימום FU money)'!גיל_הפנסיה-'תכנון פרישה (מינימום FU money)'!הגיל_שלנו_2023-'תכנון פרישה (מינימום FU money)'!שנות_עבודה_שנותרו,E25)/12 -> 8289.9754 | F27: =-PMT(F$21,'תכנון פרישה (מינימום FU money)'!גיל_הפנסיה-'תכנון פרישה (מינימום FU money)'!הגיל_שלנו_2023-'תכנון פרישה (מינימום FU money)'!שנות_עבודה_שנותרו,F25)/12 -> 9343.3595 | G27: =-PMT(G$21,'תכנון פרישה (מינימום FU money)'!גיל_הפנסיה-'תכנון פרישה (מינימום FU money)'!הגיל_שלנו_2023-'תכנון פרישה (מינימום FU money)'!שנות_עבודה_שנותרו,G25)/12 -> 10468.959
A28: 0.2 | B28: =-FV(B$21,'תכנון פרישה (מינימום FU money)'!שנות_עבודה_שנותרו,$D$15*12*$A28)+('תכנון פרישה (מינימום FU money)'!חסכון_נוכחי_2023*(1+B$21)^'תכנון פרישה (מינימום FU money)'!שנות_עבודה_שנותרו) -> 1664247.8 | C28: =-FV(C$21,'תכנון פרישה (מינימום FU money)'!שנות_עבודה_שנותרו,$D$15*12*$A28)+('תכנון פרישה (מינימום FU money)'!חסכון_נוכחי_2023*(1+C$21)^'תכנון פרישה (מינימום FU money)'!שנות_עבודה_שנותרו) -> 1695675.1 | D28: =-FV(D$21,'תכנון פרישה (מינימום FU money)'!שנות_עבודה_שנותרו,$D$15*12*$A28)+('תכנון פרישה (מינימום FU money)'!חסכון_נוכחי_2023*(1+D$21)^'תכנון פרישה (מינימום FU money)'!שנות_עבודה_שנותרו) -> 1727682.5 | E28: =-FV(E$21,'תכנון פרישה (מינימום FU money)'!שנות_עבודה_שנותרו,$D$15*12*$A28)+('תכנון פרישה (מינימום FU money)'!חסכון_נוכחי_2023*(1+E$21)^'תכנון פרישה (מינימום FU money)'!שנות_עבודה_שנותרו) -> 1760277.8 | F28: =-FV(F$21,'תכנון פרישה (מינימום FU money)'!שנות_עבודה_שנותרו,$D$15*12*$A28)+('תכנון פרישה (מינימום FU money)'!חסכון_נוכחי_2023*(1+F$21)^'תכנון פרישה (מינימום FU money)'!שנות_עבודה_שנותרו) -> 1793469 | G28: =-FV(G$21,'תכנון פרישה (מינימום FU money)'!שנות_עבודה_שנותרו,$D$15*12*$A28)+('תכנון פרישה (מינימום FU money)'!חסכון_נוכחי_2023*(1+G$21)^'תכנון פרישה (מינימום FU money)'!שנות_עבודה_שנותרו) -> 1827264.3
A29: כמה נמשוך רק מהתשואה בגיל פרישה | B29: =B28*B$21/12 -> 4160.6195 | C29: =C28*C$21/12 -> 5652.2505 | D29: =D28*D$21/12 -> 7198.677 | E29: =E28*E$21/12 -> 8801.3888 | F29: =F28*F$21/12 -> 10461.903 | G29: =G28*G$21/12 -> 12181.762
A30: ="כמה נמשוך כולל הקרן , מהפרישה ועד גיל "&$E$4&"" -> כמה נמשוך כולל הקרן , מהפרישה ועד גיל 60 | B30: =-PMT(B$21,'תכנון פרישה (מינימום FU money)'!גיל_הפנסיה-'תכנון פרישה (מינימום FU money)'!הגיל_שלנו_2023-'תכנון פרישה (מינימום FU money)'!שנות_עבודה_שנותרו,B28)/12 -> 7307.8522 | C30: =-PMT(C$21,'תכנון פרישה (מינימום FU money)'!גיל_הפנסיה-'תכנון פרישה (מינימום FU money)'!הגיל_שלנו_2023-'תכנון פרישה (מינימום FU money)'!שנות_עבודה_שנותרו,C28)/12 -> 8398.6087 | D30: =-PMT(D$21,'תכנון פרישה (מינימום FU money)'!גיל_הפנסיה-'תכנון פרישה (מינימום FU money)'!הגיל_שלנו_2023-'תכנון פרישה (מינימום FU money)'!שנות_עבודה_שנותרו,D28)/12 -> 9584.7649 | E30: =-PMT(E$21,'תכנון פרישה (מינימום FU money)'!גיל_הפנסיה-'תכנון פרישה (מינימום FU money)'!הגיל_שלנו_2023-'תכנון פרישה (מינימום FU money)'!שנות_עבודה_שנותרו,E28)/12 -> 10866.084 | F30: =-PMT(F$21,'תכנון פרישה (מינימום FU money)'!גיל_הפנסיה-'תכנון פרישה (מינימום FU money)'!הגיל_שלנו_2023-'תכנון פרישה (מינימום FU money)'!שנות_עבודה_שנותרו,F28)/12 -> 12241.861 | G30: =-PMT(G$21,'תכנון פרישה (מינימום FU money)'!גיל_הפנסיה-'תכנון פרישה (מינימום FU money)'!הגיל_שלנו_2023-'תכנון פרישה (מינימום FU money)'!שנות_עבודה_שנותרו,G28)/12 -> 13711.068
A31: 0.25 | B31: =-FV(B$21,'תכנון פרישה (מינימום FU money)'!שנות_עבודה_שנותרו,$D$15*12*$A31)+('תכנון פרישה (מינימום FU money)'!חסכון_נוכחי_2023*(1+B$21)^'תכנון פרישה (מינימום FU money)'!שנות_עבודה_שנותרו) -> 2060320.1 | C31: =-FV(C$21,'תכנון פרישה (מינימום FU money)'!שנות_עבודה_שנותרו,$D$15*12*$A31)+('תכנון פרישה (מינימום FU money)'!חסכון_נוכחי_2023*(1+C$21)^'תכנון פרישה (מינימום FU money)'!שנות_עבודה_שנותרו) -> 2098716 | D31: =-FV(D$21,'תכנון פרישה (מינימום FU money)'!שנות_עבודה_שנותרו,$D$15*12*$A31)+('תכנון פרישה (מינימום FU money)'!חסכון_נוכחי_2023*(1+D$21)^'תכנון פרישה (מינימום FU money)'!שנות_עבודה_שנותרו) -> 2137806.4 | E31: =-FV(E$21,'תכנון פרישה (מינימום FU money)'!שנות_עבודה_שנותרו,$D$15*12*$A31)+('תכנון פרישה (מינימום FU money)'!חסכון_נוכחי_2023*(1+E$21)^'תכנון פרישה (מינימום FU money)'!שנות_עבודה_שנותרו) -> 2177600.7 | F31: =-FV(F$21,'תכנון פרישה (מינימום FU money)'!שנות_עבודה_שנותרו,$D$15*12*$A31)+('תכנון פרישה (מינימום FU money)'!חסכון_נוכחי_2023*(1+F$21)^'תכנון פרישה (מינימום FU money)'!שנות_עבודה_שנותרו) -> 2218108.1 | G31: =-FV(G$21,'תכנון פרישה (מינימום FU money)'!שנות_עבודה_שנותרו,$D$15*12*$A31)+('תכנון פרישה (מינימום FU money)'!חסכון_נוכחי_2023*(1+G$21)^'תכנון פרישה (מינימום FU money)'!שנות_עבודה_שנותרו) -> 2259337.8
A32: כמה נמשוך רק מהתשואה בגיל פרישה | B32: =B31*B$21/12 -> 5150.8002 | C32: =C31*C$21/12 -> 6995.7199 | D32: =D31*D$21/12 -> 8907.5268 | E32: =E31*E$21/12 -> 10888.004 | F32: =F31*F$21/12 -> 12938.964 | G32: =G31*G$21/12 -> 15062.252
A33: ="כמה נמשוך כולל הקרן , מהפרישה ועד גיל "&$E$4&"" -> כמה נמשוך כולל הקרן , מהפרישה ועד גיל 60 | B33: =-PMT(B$21,'תכנון פרישה (מינימום FU money)'!גיל_הפנסיה-'תכנון פרישה (מינימום FU money)'!הגיל_שלנו_2023-'תכנון פרישה (מינימום FU money)'!שנות_עבודה_שנותרו,B31)/12 -> 9047.0389 | C33: =-PMT(C$21,'תכנון פרישה (מינימום FU money)'!גיל_הפנסיה-'תכנון פרישה (מינימום FU money)'!הגיל_שלנו_2023-'תכנון פרישה (מינימום FU money)'!שנות_עבודה_שנותרו,C31)/12 -> 10394.853 | D33: =-PMT(D$21,'תכנון פרישה (מינימום FU money)'!גיל_הפנסיה-'תכנון פרישה (מינימום FU money)'!הגיל_שלנו_2023-'תכנון פרישה (מינימום FU money)'!שנות_עבודה_שנותרו,D31)/12 -> 11860.034 | E33: =-PMT(E$21,'תכנון פרישה (מינימום FU money)'!גיל_הפנסיה-'תכנון פרישה (מינימום FU money)'!הגיל_שלנו_2023-'תכנון פרישה (מינימום FU money)'!שנות_עבודה_שנותרו,E31)/12 -> 13442.192 | F33: =-PMT(F$21,'תכנון פרישה (מינימום FU money)'!גיל_הפנסיה-'תכנון פרישה (מינימום FU money)'!הגיל_שלנו_2023-'תכנון פרישה (מינימום FU money)'!שנות_עבודה_שנותרו,F31)/12 -> 15140.362 | G33: =-PMT(G$21,'תכנון פרישה (מינימום FU money)'!גיל_הפנסיה-'תכנון פרישה (מינימום FU money)'!הגיל_שלנו_2023-'תכנון פרישה (מינימום FU money)'!שנות_עבודה_שנותרו,G31)/12 -> 16953.176
A34: 0.3 | B34: =-FV(B$21,'תכנון פרישה (מינימום FU money)'!שנות_עבודה_שנותרו,$D$15*12*$A34)+('תכנון פרישה (מינימום FU money)'!חסכון_נוכחי_2023*(1+B$21)^'תכנון פרישה (מינימום FU money)'!שנות_עבודה_שנותרו) -> 2456392.4 | C34: =-FV(C$21,'תכנון פרישה (מינימום FU money)'!שנות_עבודה_שנותרו,$D$15*12*$A34)+('תכנון פרישה (מינימום FU money)'!חסכון_נוכחי_2023*(1+C$21)^'תכנון פרישה (מינימום FU money)'!שנות_עבודה_שנותרו) -> 2501756.8 | D34: =-FV(D$21,'תכנון פרישה (מינימום FU money)'!שנות_עבודה_שנותרו,$D$15*12*$A34)+('תכנון פרישה (מינימום FU money)'!חסכון_נוכחי_2023*(1+D$21)^'תכנון פרישה (מינימום FU money)'!שנות_עבודה_שנותרו) -> 2547930.4 | E34: =-FV(E$21,'תכנון פרישה (מינימום FU money)'!שנות_עבודה_שנותרו,$D$15*12*$A34)+('תכנון פרישה (מינימום FU money)'!חסכון_נוכחי_2023*(1+E$21)^'תכנון פרישה (מינימום FU money)'!שנות_עבודה_שנותרו) -> 2594923.7 | F34: =-FV(F$21,'תכנון פרישה (מינימום FU money)'!שנות_עבודה_שנותרו,$D$15*12*$A34)+('תכנון פרישה (מינימום FU money)'!חסכון_נוכחי_2023*(1+F$21)^'תכנון פרישה (מינימום FU money)'!שנות_עבודה_שנותרו) -> 2642747.1 | G34: =-FV(G$21,'תכנון פרישה (מינימום FU money)'!שנות_עבודה_שנותרו,$D$15*12*$A34)+('תכנון פרישה (מינימום FU money)'!חסכון_נוכחי_2023*(1+G$21)^'תכנון פרישה (מינימום FU money)'!שנות_עבודה_שנותרו) -> 2691411.3
A35: כמה נמשוך רק מהתשואה בגיל פרישה | B35: =B34*B$21/12 -> 6140.9809 | C35: =C34*C$21/12 -> 8339.1893 | D35: =D34*D$21/12 -> 10616.377 | E35: =E34*E$21/12 -> 12974.618 | F35: =F34*F$21/12 -> 15416.025 | G35: =G34*G$21/12 -> 17942.742
A36: ="כמה נמשוך כולל הקרן , מהפרישה ועד גיל "&$E$4&"" -> כמה נמשוך כולל הקרן , מהפרישה ועד גיל 60 | B36: =-PMT(B$21,'תכנון פרישה (מינימום FU money)'!גיל_הפנסיה-'תכנון פרישה (מינימום FU money)'!הגיל_שלנו_2023-'תכנון פרישה (מינימום FU money)'!שנות_עבודה_שנותרו,B34)/12 -> 10786.226 | C36: =-PMT(C$21,'תכנון פרישה (מינימום FU money)'!גיל_הפנסיה-'תכנון פרישה (מינימום FU money)'!הגיל_שלנו_2023-'תכנון פרישה (מינימום FU money)'!שנות_עבודה_שנותרו,C34)/12 -> 12391.098 | D36: =-PMT(D$21,'תכנון פרישה (מינימום FU money)'!גיל_הפנסיה-'תכנון פרישה (מינימום FU money)'!הגיל_שלנו_2023-'תכנון פרישה (מינימום FU money)'!שנות_עבודה_שנותרו,D34)/12 -> 14135.302 | E36: =-PMT(E$21,'תכנון פרישה (מינימום FU money)'!גיל_הפנסיה-'תכנון פרישה (מינימום FU money)'!הגיל_שלנו_2023-'תכנון פרישה (מינימום FU money)'!שנות_עבודה_שנותרו,E34)/12 -> 16018.3 | F36: =-PMT(F$21,'תכנון פרישה (מינימום FU money)'!גיל_הפנסיה-'תכנון פרישה (מינימום FU money)'!הגיל_שלנו_2023-'תכנון פרישה (מינימום FU money)'!שנות_עבודה_שנותרו,F34)/12 -> 18038.863 | G36: =-PMT(G$21,'תכנון פרישה (מינימום FU money)'!גיל_הפנסיה-'תכנון פרישה (מינימום FU money)'!הגיל_שלנו_2023-'תכנון פרישה (מינימום FU money)'!שנות_עבודה_שנותרו,G34)/12 -> 20195.285
A37: 0.35 | B37: =-FV(B$21,'תכנון פרישה (מינימום FU money)'!שנות_עבודה_שנותרו,$D$15*12*$A37)+('תכנון פרישה (מינימום FU money)'!חסכון_נוכחי_2023*(1+B$21)^'תכנון פרישה (מינימום FU money)'!שנות_עבודה_שנותרו) -> 2852464.7 | C37: =-FV(C$21,'תכנון פרישה (מינימום FU money)'!שנות_עבודה_שנותרו,$D$15*12*$A37)+('תכנון פרישה (מינימום FU money)'!חסכון_נוכחי_2023*(1+C$21)^'תכנון פרישה (מינימום FU money)'!שנות_עבודה_שנותרו) -> 2904797.6 | D37: =-FV(D$21,'תכנון פרישה (מינימום FU money)'!שנות_עבודה_שנותרו,$D$15*12*$A37)+('תכנון פרישה (מינימום FU money)'!חסכון_נוכחי_2023*(1+D$21)^'תכנון פרישה (מינימום FU money)'!שנות_עבודה_שנותרו) -> 2958054.4 | E37: =-FV(E$21,'תכנון פרישה (מינימום FU money)'!שנות_עבודה_שנותרו,$D$15*12*$A37)+('תכנון פרישה (מינימום FU money)'!חסכון_נוכחי_2023*(1+E$21)^'תכנון פרישה (מינימום FU money)'!שנות_עבודה_שנותרו) -> 3012246.6 | F37: =-FV(F$21,'תכנון פרישה (מינימום FU money)'!שנות_עבודה_שנותרו,$D$15*12*$A37)+('תכנון פרישה (מינימום FU money)'!חסכון_נוכחי_2023*(1+F$21)^'תכנון פרישה (מינימום FU money)'!שנות_עבודה_שנותרו) -> 3067386.1 | G37: =-FV(G$21,'תכנון פרישה (מינימום FU money)'!שנות_עבודה_שנותרו,$D$15*12*$A37)+('תכנון פרישה (מינימום FU money)'!חסכון_נוכחי_2023*(1+G$21)^'תכנון פרישה (מינימום FU money)'!שנות_עבודה_שנותרו) -> 3123484.9
A38: כמה נמשוך רק מהתשואה בגיל פרישה | B38: =B37*B$21/12 -> 7131.1616 | C38: =C37*C$21/12 -> 9682.6588 | D38: =D37*D$21/12 -> 12325.227 | E38: =E37*E$21/12 -> 15061.233 | F38: =F37*F$21/12 -> 17893.086 | G38: =G37*G$21/12 -> 20823.232
A39: ="כמה נמשוך כולל הקרן , מהפרישה ועד גיל "&$E$4&"" -> כמה נמשוך כולל הקרן , מהפרישה ועד גיל 60 | B39: =-PMT(B$21,'תכנון פרישה (מינימום FU money)'!גיל_הפנסיה-'תכנון פרישה (מינימום FU money)'!הגיל_שלנו_2023-'תכנון פרישה (מינימום FU money)'!שנות_עבודה_שנותרו,B37)/12 -> 12525.412 | C39: =-PMT(C$21,'תכנון פרישה (מינימום FU money)'!גיל_הפנסיה-'תכנון פרישה (מינימום FU money)'!הגיל_שלנו_2023-'תכנון פרישה (מינימום FU money)'!שנות_עבודה_שנותרו,C37)/12 -> 14387.342 | D39: =-PMT(D$21,'תכנון פרישה (מינימום FU money)'!גיל_הפנסיה-'תכנון פרישה (מינימום FU money)'!הגיל_שלנו_2023-'תכנון פרישה (מינימום FU money)'!שנות_עבודה_שנותרו,D37)/12 -> 16410.571 | E39: =-PMT(E$21,'תכנון פרישה (מינימום FU money)'!גיל_הפנסיה-'תכנון פרישה (מינימום FU money)'!הגיל_שלנו_2023-'תכנון פרישה (מינימום FU money)'!שנות_עבודה_שנותרו,E37)/12 -> 18594.408 | F39: =-PMT(F$21,'תכנון פרישה (מינימום FU money)'!גיל_הפנסיה-'תכנון פרישה (מינימום FU money)'!הגיל_שלנו_2023-'תכנון פרישה (מינימום FU money)'!שנות_עבודה_שנותרו,F37)/12 -> 20937.364 | G39: =-PMT(G$21,'תכנון פרישה (מינימום FU money)'!גיל_הפנסיה-'תכנון פרישה (מינימום FU money)'!הגיל_שלנו_2023-'תכנון פרישה (מינימום FU money)'!שנות_עבודה_שנותרו,G37)/12 -> 23437.393
A40: 0.4 | B40: =-FV(B$21,'תכנון פרישה (מינימום FU money)'!שנות_עבודה_שנותרו,$D$15*12*$A40)+('תכנון פרישה (מינימום FU money)'!חסכון_נוכחי_2023*(1+B$21)^'תכנון פרישה (מינימום FU money)'!שנות_עבודה_שנותרו) -> 3248536.9 | C40: =-FV(C$21,'תכנון פרישה (מינימום FU money)'!שנות_עבודה_שנותרו,$D$15*12*$A40)+('תכנון פרישה (מינימום FU money)'!חסכון_נוכחי_2023*(1+C$21)^'תכנון פרישה (מינימום FU money)'!שנות_עבודה_שנותרו) -> 3307838.5 | D40: =-FV(D$21,'תכנון פרישה (מינימום FU money)'!שנות_עבודה_שנותרו,$D$15*12*$A40)+('תכנון פרישה (מינימום FU money)'!חסכון_נוכחי_2023*(1+D$21)^'תכנון פרישה (מינימום FU money)'!שנות_עבודה_שנותרו) -> 3368178.3 | E40: =-FV(E$21,'תכנון פרישה (מינימום FU money)'!שנות_עבודה_שנותרו,$D$15*12*$A40)+('תכנון פרישה (מינימום FU money)'!חסכון_נוכחי_2023*(1+E$21)^'תכנון פרישה (מינימום FU money)'!שנות_עבודה_שנותרו) -> 3429569.5 | F40: =-FV(F$21,'תכנון פרישה (מינימום FU money)'!שנות_עבודה_שנותרו,$D$15*12*$A40)+('תכנון פרישה (מינימום FU money)'!חסכון_נוכחי_2023*(1+F$21)^'תכנון פרישה (מינימום FU money)'!שנות_עבודה_שנותרו) -> 3492025.2 | G40: =-FV(G$21,'תכנון פרישה (מינימום FU money)'!שנות_עבודה_שנותרו,$D$15*12*$A40)+('תכנון פרישה (מינימום FU money)'!חסכון_נוכחי_2023*(1+G$21)^'תכנון פרישה (מינימום FU money)'!שנות_עבודה_שנותרו) -> 3555558.4
A41: כמה נמשוך רק מהתשואה בגיל פרישה | B41: =B40*B$21/12 -> 8121.3423 | C41: =C40*C$21/12 -> 11026.128 | D41: =D40*D$21/12 -> 14034.076 | E41: =E40*E$21/12 -> 17147.848 | F41: =F40*F$21/12 -> 20370.147 | G41: =G40*G$21/12 -> 23703.722
A42: ="כמה נמשוך כולל הקרן , מהפרישה ועד גיל "&$E$4&"" -> כמה נמשוך כולל הקרן , מהפרישה ועד גיל 60 | B42: =-PMT(B$21,'תכנון פרישה (מינימום FU money)'!גיל_הפנסיה-'תכנון פרישה (מינימום FU money)'!הגיל_שלנו_2023-'תכנון פרישה (מינימום FU money)'!שנות_עבודה_שנותרו,B40)/12 -> 14264.599 | C42: =-PMT(C$21,'תכנון פרישה (מינימום FU money)'!גיל_הפנסיה-'תכנון פרישה (מינימום FU money)'!הגיל_שלנו_2023-'תכנון פרישה (מינימום FU money)'!שנות_עבודה_שנותרו,C40)/12 -> 16383.587 | D42: =-PMT(D$21,'תכנון פרישה (מינימום FU money)'!גיל_הפנסיה-'תכנון פרישה (מינימום FU money)'!הגיל_שלנו_2023-'תכנון פרישה (מינימום FU money)'!שנות_עבודה_שנותרו,D40)/12 -> 18685.839 | E42: =-PMT(E$21,'תכנון פרישה (מינימום FU money)'!גיל_הפנסיה-'תכנון פרישה (מינימום FU money)'!הגיל_שלנו_2023-'תכנון פרישה (מינימום FU money)'!שנות_עבודה_שנותרו,E40)/12 -> 21170.517 | F42: =-PMT(F$21,'תכנון פרישה (מינימום FU money)'!גיל_הפנסיה-'תכנון פרישה (מינימום FU money)'!הגיל_שלנו_2023-'תכנון פרישה (מינימום FU money)'!שנות_עבודה_שנותרו,F40)/12 -> 23835.865 | G42: =-PMT(G$21,'תכנון פרישה (מינימום FU money)'!גיל_הפנסיה-'תכנון פרישה (מינימום FU money)'!הגיל_שלנו_2023-'תכנון פרישה (מינימום FU money)'!שנות_עבודה_שנותרו,G40)/12 -> 26679.501
A43: 0.45 | B43: =-FV(B$21,'תכנון פרישה (מינימום FU money)'!שנות_עבודה_שנותרו,$D$15*12*$A43)+('תכנון פרישה (מינימום FU money)'!חסכון_נוכחי_2023*(1+B$21)^'תכנון פרישה (מינימום FU money)'!שנות_עבודה_שנותרו) -> 3644609.2 | C43: =-FV(C$21,'תכנון פרישה (מינימום FU money)'!שנות_עבודה_שנותרו,$D$15*12*$A43)+('תכנון פרישה (מינימום FU money)'!חסכון_נוכחי_2023*(1+C$21)^'תכנון פרישה (מינימום FU money)'!שנות_עבודה_שנותרו) -> 3710879.3 | D43: =-FV(D$21,'תכנון פרישה (מינימום FU money)'!שנות_עבודה_שנותרו,$D$15*12*$A43)+('תכנון פרישה (מינימום FU money)'!חסכון_נוכחי_2023*(1+D$21)^'תכנון פרישה (מינימום FU money)'!שנות_עבודה_שנותרו) -> 3778302.3 | E43: =-FV(E$21,'תכנון פרישה (מינימום FU money)'!שנות_עבודה_שנותרו,$D$15*12*$A43)+('תכנון פרישה (מינימום FU money)'!חסכון_נוכחי_2023*(1+E$21)^'תכנון פרישה (מינימום FU money)'!שנות_עבודה_שנותרו) -> 3846892.5 | F43: =-FV(F$21,'תכנון פרישה (מינימום FU money)'!שנות_עבודה_שנותרו,$D$15*12*$A43)+('תכנון פרישה (מינימום FU money)'!חסכון_נוכחי_2023*(1+F$21)^'תכנון פרישה (מינימום FU money)'!שנות_עבודה_שנותרו) -> 3916664.2 | G43: =-FV(G$21,'תכנון פרישה (מינימום FU money)'!שנות_עבודה_שנותרו,$D$15*12*$A43)+('תכנון פרישה (מינימום FU money)'!חסכון_נוכחי_2023*(1+G$21)^'תכנון פרישה (מינימום FU money)'!שנות_עבודה_שנותרו) -> 3987631.9
A44: כמה נמשוך רק מהתשואה בגיל פרישה | B44: =B43*B$21/12 -> 9111.5231 | C44: =C43*C$21/12 -> 12369.598 | D44: =D43*D$21/12 -> 15742.926 | E44: =E43*E$21/12 -> 19234.462 | F44: =F43*F$21/12 -> 22847.208 | G44: =G43*G$21/12 -> 26584.212
A45: ="כמה נמשוך כולל הקרן , מהפרישה ועד גיל "&$E$4&"" -> כמה נמשוך כולל הקרן , מהפרישה ועד גיל 60 | B45: =-PMT(B$21,'תכנון פרישה (מינימום FU money)'!גיל_הפנסיה-'תכנון פרישה (מינימום FU money)'!הגיל_שלנו_2023-'תכנון פרישה (מינימום FU money)'!שנות_עבודה_שנותרו,B43)/12 -> 16003.786 | C45: =-PMT(C$21,'תכנון פרישה (מינימום FU money)'!גיל_הפנסיה-'תכנון פרישה (מינימום FU money)'!הגיל_שלנו_2023-'תכנון פרישה (מינימום FU money)'!שנות_עבודה_שנותרו,C43)/12 -> 18379.831 | D45: =-PMT(D$21,'תכנון פרישה (מינימום FU money)'!גיל_הפנסיה-'תכנון פרישה (מינימום FU money)'!הגיל_שלנו_2023-'תכנון פרישה (מינימום FU money)'!שנות_עבודה_שנותרו,D43)/12 -> 20961.108 | E45: =-PMT(E$21,'תכנון פרישה (מינימום FU money)'!גיל_הפנסיה-'תכנון פרישה (מינימום FU money)'!הגיל_שלנו_2023-'תכנון פרישה (מינימום FU money)'!שנות_עבודה_שנותרו,E43)/12 -> 23746.625 | F45: =-PMT(F$21,'תכנון פרישה (מינימום FU money)'!גיל_הפנסיה-'תכנון פרישה (מינימום FU money)'!הגיל_שלנו_2023-'תכנון פרישה (מינימום FU money)'!שנות_עבודה_שנותרו,F43)/12 -> 26734.366 | G45: =-PMT(G$21,'תכנון פרישה (מינימום FU money)'!גיל_הפנסיה-'תכנון פרישה (מינימום FU money)'!הגיל_שלנו_2023-'תכנון פרישה (מינימום FU money)'!שנות_עבודה_שנותרו,G43)/12 -> 29921.61
A46: 0.5 | B46: =-FV(B$21,'תכנון פרישה (מינימום FU money)'!שנות_עבודה_שנותרו,$D$15*12*$A46)+('תכנון פרישה (מינימום FU money)'!חסכון_נוכחי_2023*(1+B$21)^'תכנון פרישה (מינימום FU money)'!שנות_עבודה_שנותרו) -> 4040681.5 | C46: =-FV(C$21,'תכנון פרישה (מינימום FU money)'!שנות_עבודה_שנותרו,$D$15*12*$A46)+('תכנון פרישה (מינימום FU money)'!חסכון_נוכחי_2023*(1+C$21)^'תכנון פרישה (מינימום FU money)'!שנות_עבודה_שנותרו) -> 4113920.1 | D46: =-FV(D$21,'תכנון פרישה (מינימום FU money)'!שנות_עבודה_שנותרו,$D$15*12*$A46)+('תכנון פרישה (מינימום FU money)'!חסכון_נוכחי_2023*(1+D$21)^'תכנון פרישה (מינימום FU money)'!שנות_עבודה_שנותרו) -> 4188426.3 | E46: =-FV(E$21,'תכנון פרישה (מינימום FU money)'!שנות_עבודה_שנותרו,$D$15*12*$A46)+('תכנון פרישה (מינימום FU money)'!חסכון_נוכחי_2023*(1+E$21)^'תכנון פרישה (מינימום FU money)'!שנות_עבודה_שנותרו) -> 4264215.4 | F46: =-FV(F$21,'תכנון פרישה (מינימום FU money)'!שנות_עבודה_שנותרו,$D$15*12*$A46)+('תכנון פרישה (מינימום FU money)'!חסכון_נוכחי_2023*(1+F$21)^'תכנון פרישה (מינימום FU money)'!שנות_עבודה_שנותרו) -> 4341303.3 | G46: =-FV(G$21,'תכנון פרישה (מינימום FU money)'!שנות_עבודה_שנותרו,$D$15*12*$A46)+('תכנון פרישה (מינימום FU money)'!חסכון_נוכחי_2023*(1+G$21)^'תכנון פרישה (מינימום FU money)'!שנות_עבודה_שנותרו) -> 4419705.4
A47: כמה נמשוך רק מהתשואה בגיל פרישה | B47: =B46*B$21/12 -> 10101.704 | C47: =C46*C$21/12 -> 13713.067 | D47: =D46*D$21/12 -> 17451.776 | E47: =E46*E$21/12 -> 21321.077 | F47: =F46*F$21/12 -> 25324.269 | G47: =G46*G$21/12 -> 29464.702
A48: ="כמה נמשוך כולל הקרן , מהפרישה ועד גיל "&$E$4&"" -> כמה נמשוך כולל הקרן , מהפרישה ועד גיל 60 | B48: =-PMT(B$21,'תכנון פרישה (מינימום FU money)'!גיל_הפנסיה-'תכנון פרישה (מינימום FU money)'!הגיל_שלנו_2023-'תכנון פרישה (מינימום FU money)'!שנות_עבודה_שנותרו,B46)/12 -> 17742.973 | C48: =-PMT(C$21,'תכנון פרישה (מינימום FU money)'!גיל_הפנסיה-'תכנון פרישה (מינימום FU money)'!הגיל_שלנו_2023-'תכנון פרישה (מינימום FU money)'!שנות_עבודה_שנותרו,C46)/12 -> 20376.076 | D48: =-PMT(D$21,'תכנון פרישה (מינימום FU money)'!גיל_הפנסיה-'תכנון פרישה (מינימום FU money)'!הגיל_שלנו_2023-'תכנון פרישה (מינימום FU money)'!שנות_עבודה_שנותרו,D46)/12 -> 23236.377 | E48: =-PMT(E$21,'תכנון פרישה (מינימום FU money)'!גיל_הפנסיה-'תכנון פרישה (מינימום FU money)'!הגיל_שלנו_2023-'תכנון פרישה (מינימום FU money)'!שנות_עבודה_שנותרו,E46)/12 -> 26322.733 | F48: =-PMT(F$21,'תכנון פרישה (מינימום FU money)'!גיל_הפנסיה-'תכנון פרישה (מינימום FU money)'!הגיל_שלנו_2023-'תכנון פרישה (מינימום FU money)'!שנות_עבודה_שנותרו,F46)/12 -> 29632.867 | G48: =-PMT(G$21,'תכנון פרישה (מינימום FU money)'!גיל_הפנסיה-'תכנון פרישה (מינימום FU money)'!הגיל_שלנו_2023-'תכנון פרישה (מינימום FU money)'!שנות_עבודה_שנותרו,G46)/12 -> 33163.718

Sheet תכנון פרישה (מקסימום תשואה)
I1: מהפרישה המוקדמת ועד גיל הפרישה (הפנסיה) | O1: בפנסיה
A2: שנות עבודה עד הפרישה | B2: 8 | D2: הכנסה חודשית ברוטו מפרישה ועד גיל פנסיה (לרמת החיים שהתרגלנו) | E2: ='תכנון פרישה'!E2 -> 30000 | K2: חיסכון חודשי בעת העבודה | L2: מצב בעת הפרישה | Q2: מצב בעת היציאה לפנסיה
J3: קופות גמל | K3: =(8.33%+6%+6.5%)*'תכנון פרישה (מקסימום תשואה)'!השכר_הסוציאלי_2023-'תכנון פרישה (מקסימום תשואה)'!תקרת_הפקדה_לפנסיה_בשנת_2023 -> 4507.5 | L3: =fv($B$4,$B$2,-K3*12)+'תכנון פרישה (מקסימום תשואה)'!קופת_גמל*(1+$B$4)^$B$2 -> 554952.72 | P3: קופות גמל | Q3: =L3*(1+'תכנון פרישה (מקסימום תשואה)'!תשואה_ריאלית)^('תכנון פרישה (מקסימום תשואה)'!גיל_הפנסיה-'תכנון פרישה (מקסימום תשואה)'!שנות_עבודה_שנותרו-'תכנון פרישה (מקסימום תשואה)'!הגיל_שלנו_2023) -> 3011968.5
A4: תשואה ריאלית על השקעות ונכסים | B4: 0.07 | D4: גיל למשיכת כספים סוציאליים (לפחות 60) | E4: 60 | J4: קרנות פנסיה | K4: 4866 | L4: =fv($B$4,$B$2,-K4*12)+'תכנון פרישה (מקסימום תשואה)'!קרן_פנסיה*(1+$B$4)^$B$2 -> 856818.32 | P4: קרנות פנסיה | Q4: =L4*(1+'תכנון פרישה (מקסימום תשואה)'!תשואה_ריאלית)^('תכנון פרישה (מקסימום תשואה)'!גיל_הפנסיה-'תכנון פרישה (מקסימום תשואה)'!שנות_עבודה_שנותרו-'תכנון פרישה (מקסימום תשואה)'!הגיל_שלנו_2023) -> 4650323.7
A5: קרנות השתלמות | B5: ='תכנון פרישה'!B5 -> 70000 | J5: קרן השתלמות | K5: =1571*2 -> 3142 | L5: =fv($B$4,$B$2,-K5*12)+B5*(1+$B$4)^$B$2 -> 507108.63
A6: הון עצמי מושקע | B6: ='תכנון פרישה'!B6 -> 100000 | J6: הון עצמי מושקע | K6: =-E12-sum(K3:K5) -> 59966.927 | L6: =fv($B$4,$B$2,-K6*12)+B6*(1+$B$4)^$B$2 -> 7554804.5 | P6: פנסיה ברוטו | Q6: =SUM(Q3:Q4)/(202+4*(67-E4)) -> 33314.314
A7: קרנות פנסיה | B7: ='תכנון פרישה'!B7 -> 150000
A8: קופת גמל \ ביטוחי מנהלים | B8: ='תכנון פרישה'!B8 | J8: הון עצמי לשימושנו | K8: =L5+L6 -> 8061913.2
A9: ריבית משכנתא ממוצעת | B9: ='תכנון פרישה'!B9 -> 0.045 | E9: מחושב | F9: באחוזים מהשכר | J9: למשך תקופה של | K9: =E4-B2-B14 -> 25 | L9: שנים
A10: יתרת משכנתא | B10: ='תכנון פרישה'!B10 -> 900000 | D10: תשלום חודשי לבית | E10: =PMT(B9,$B$2,B10)/12 -> -11370.724 | F10: =-E10/$D$15 -> 0.099871843 | J10: בשיעור משיכה של | K10: =E2*12/K8 -> 0.044654413 | L10: בשנה
A11: סכום שיידרש בגיל הפרישה (כילוי מלא ללא השקעה) | B11: =E2*12*('תכנון פרישה (מקסימום תשואה)'!גיל_הפנסיה-'תכנון פרישה (מקסימום תשואה)'!הגיל_שלנו_2023-'תכנון פרישה (מקסימום תשואה)'!שנות_עבודה_שנותרו) -> 9000000 | D11: תשלום חודשי להשקעות | E11: =PMT($B$4,$B$2, ,B11-($B$5*(1+$B$4)^$B$2))/12 -> -72123.927 | F11: =-E11/$D$15 -> 0.63348204
A12: סכום שיידרש בגיל הפרישה (ללא כילוי) | B12: =E2*12/'תכנון פרישה (מקסימום תשואה)'!שיעור_משיכה_בטוח -> 9473684.2 | D12: תשלום חודשי להשקעות | E12: =PMT($B$4,$B$2, ,B12-(($B$5+$B$6+$B$7+$B$8)*(1+$B$4)^$B$2))/12 -> -72482.427 | F12: =-E12/$D$15 -> 0.63663084
A13: השכר הסוציאלי (ברוטו) למשק בית בממוצע לשנים האלו | B13: ='תכנון פרישה'!B13 -> 45000
A14: הגיל היום | B14: ='תכנון פרישה'!B14 -> 27 | D14: אז כמה נטו צריך בחודש בשביל זה (כולל קה"ש ופנסיה)?
A15: שיעור המשיכה הבטוח | B15: 0.038 | D15: =E2-E10-E12 -> 113853.15
D16: שכר בסיס נטו | E16: קרן השתלמות ופנסיה | F16: מניות ובונוסים נטו
D17: =55%*B13 -> 24750 | E17: =(20.833%)*B13+1571*2 -> 12516.85 | F17: =D15-D17-E17 -> 76586.301
E19: ברוטו בדולרים בשנה זה | F19: =F17*12*2/3.7 -> 496776
A20: הטבלה הזו - מראה טריידאוף בין עוצמת החיסכון לעוצמת התשואה (הריאלית)
A21: חסכון / תשואה | B21: 0.03 | C21: 0.04 | D21: 0.05 | E21: 0.06 | F21: 0.07 | G21: 0.08
A22: 0.1 | B22: =-FV(B$21,'תכנון פרישה (מקסימום תשואה)'!שנות_עבודה_שנותרו,$D$15*12*$A22)+('תכנון פרישה (מקסימום תשואה)'!חסכון_נוכחי_2023*(1+B$21)^'תכנון פרישה (מקסימום תשואה)'!שנות_עבודה_שנותרו) -> 1303578.5 | C22: =-FV(C$21,'תכנון פרישה (מקסימום תשואה)'!שנות_עבודה_שנותרו,$D$15*12*$A22)+('תכנון פרישה (מקסימום תשואה)'!חסכון_נוכחי_2023*(1+C$21)^'תכנון פרישה (מקסימום תשואה)'!שנות_עבודה_שנותרו) -> 1354682.3 | D22: =-FV(D$21,'תכנון פרישה (מקסימום תשואה)'!שנות_עבודה_שנותרו,$D$15*12*$A22)+('תכנון פרישה (מקסימום תשואה)'!חסכון_נוכחי_2023*(1+D$21)^'תכנון פרישה (מקסימום תשואה)'!שנות_עבודה_שנותרו) -> 1408057.2 | E22: =-FV(E$21,'תכנון פרישה (מקסימום תשואה)'!שנות_עבודה_שנותרו,$D$15*12*$A22)+('תכנון פרישה (מקסימום תשואה)'!חסכון_נוכחי_2023*(1+E$21)^'תכנון פרישה (מקסימום תשואה)'!שנות_עבודה_שנותרו) -> 1463798.9 | F22: =-FV(F$21,'תכנון פרישה (מקסימום תשואה)'!שנות_עבודה_שנותרו,$D$15*12*$A22)+('תכנון פרישה (מקסימום תשואה)'!חסכון_נוכחי_2023*(1+F$21)^'תכנון פרישה (מקסימום תשואה)'!שנות_עבודה_שנותרו) -> 1522006 | G22: =-FV(G$21,'תכנון פרישה (מקסימום תשואה)'!שנות_עבודה_שנותרו,$D$15*12*$A22)+('תכנון פרישה (מקסימום תשואה)'!חסכון_נוכחי_2023*(1+G$21)^'תכנון פרישה (מקסימום תשואה)'!שנות_עבודה_שנותרו) -> 1582781.4
A23: כמה נמשוך רק מהתשואה בגיל פרישה | B23: =B22*B$21/12 -> 3258.9462 | C23: =C22*C$21/12 -> 4515.6075 | D23: =D22*D$21/12 -> 5866.9052 | E23: =E22*E$21/12 -> 7318.9942 | F23: =F22*F$21/12 -> 8878.3686 | G23: =G22*G$21/12 -> 10551.876
A24: ="כמה נמשוך כולל הקרן , מהפרישה ועד גיל "&$E$4&"" -> כמה נמשוך כולל הקרן , מהפרישה ועד גיל 60 | B24: =-PMT(B$21,'תכנון פרישה (מקסימום תשואה)'!גיל_הפנסיה-'תכנון פרישה (מקסימום תשואה)'!הגיל_שלנו_2023-'תכנון פרישה (מקסימום תשואה)'!שנות_עבודה_שנותרו,B22)/12 -> 6238.478 | C24: =-PMT(C$21,'תכנון פרישה (מקסימום תשואה)'!גיל_הפנסיה-'תכנון פרישה (מקסימום תשואה)'!הגיל_שלנו_2023-'תכנון פרישה (מקסימום תשואה)'!שנות_עבודה_שנותרו,C22)/12 -> 7226.3225 | D24: =-PMT(D$21,'תכנון פרישה (מקסימום תשואה)'!גיל_הפנסיה-'תכנון פרישה (מקסימום תשואה)'!הגיל_שלנו_2023-'תכנון פרישה (מקסימום תשואה)'!שנות_עבודה_שנותרו,D22)/12 -> 8325.4268 | E24: =-PMT(E$21,'תכנון פרישה (מקסימום תשואה)'!גיל_הפנסיה-'תכנון פרישה (מקסימום תשואה)'!הגיל_שלנו_2023-'תכנון פרישה (מקסימום תשואה)'!שנות_עבודה_שנותרו,E22)/12 -> 9542.3483 | F24: =-PMT(F$21,'תכנון פרישה (מקסימום תשואה)'!גיל_הפנסיה-'תכנון פרישה (מקסימום תשואה)'!הגיל_שלנו_2023-'תכנון פרישה (מקסימום תשואה)'!שנות_עבודה_שנותרו,F22)/12 -> 10883.677 | G24: =-PMT(G$21,'תכנון פרישה (מקסימום תשואה)'!גיל_הפנסיה-'תכנון פרישה (מקסימום תשואה)'!הגיל_שלנו_2023-'תכנון פרישה (מקסימום תשואה)'!שנות_עבודה_שנותרו,G22)/12 -> 12356.086
A25: 0.15 | B25: =-FV(B$21,'תכנון פרישה (מקסימום תשואה)'!שנות_עבודה_שנותרו,$D$15*12*$A25)+('תכנון פרישה (מקסימום תשואה)'!חסכון_נוכחי_2023*(1+B$21)^'תכנון פרישה (מקסימום תשואה)'!שנות_עבודה_שנותרו) -> 1911030.8 | C25: =-FV(C$21,'תכנון פרישה (מקסימום תשואה)'!שנות_עבודה_שנותרו,$D$15*12*$A25)+('תכנון פרישה (מקסימום תשואה)'!חסכון_נוכחי_2023*(1+C$21)^'תכנון פרישה (מקסימום תשואה)'!שנות_עבודה_שנותרו) -> 1984123.5 | D25: =-FV(D$21,'תכנון פרישה (מקסימום תשואה)'!שנות_עבודה_שנותרו,$D$15*12*$A25)+('תכנון פרישה (מקסימום תשואה)'!חסכון_נוכחי_2023*(1+D$21)^'תכנון פרישה (מקסימום תשואה)'!שנות_עבודה_שנותרו) -> 2060374.9 | E25: =-FV(E$21,'תכנון פרישה (מקסימום תשואה)'!שנות_עבודה_שנותרו,$D$15*12*$A25)+('תכנון פרישה (מקסימום תשואה)'!חסכון_נוכחי_2023*(1+E$21)^'תכנון פרישה (מקסימום תשואה)'!שנות_עבודה_שנותרו) -> 2139913.6 | F25: =-FV(F$21,'תכנון פרישה (מקסימום תשואה)'!שנות_עבודה_שנותרו,$D$15*12*$A25)+('תכנון פרישה (מקסימום תשואה)'!חסכון_נוכחי_2023*(1+F$21)^'תכנון פרישה (מקסימום תשואה)'!שנות_עבודה_שנותרו) -> 2222872.6 | G25: =-FV(G$21,'תכנון פרישה (מקסימום תשואה)'!שנות_עבודה_שנותרו,$D$15*12*$A25)+('תכנון פרישה (מקסימום תשואה)'!חסכון_נוכחי_2023*(1+G$21)^'תכנון פרישה (מקסימום תשואה)'!שנות_עבודה_שנותרו) -> 2309389.5
A26: כמה נמשוך רק מהתשואה בגיל פרישה | B26: =B25*B$21/12 -> 4777.5769 | C26: =C25*C$21/12 -> 6613.7449 | D26: =D25*D$21/12 -> 8584.8955 | E26: =E25*E$21/12 -> 10699.568 | F26: =F25*F$21/12 -> 12966.757 | G26: =G25*G$21/12 -> 15395.93
A27: ="כמה נמשוך כולל הקרן , מהפרישה ועד גיל "&$E$4&"" -> כמה נמשוך כולל הקרן , מהפרישה ועד גיל 60 | B27: =-PMT(B$21,'תכנון פרישה (מקסימום תשואה)'!גיל_הפנסיה-'תכנון פרישה (מקסימום תשואה)'!הגיל_שלנו_2023-'תכנון פרישה (מקסימום תשואה)'!שנות_עבודה_שנותרו,B25)/12 -> 9145.5357 | C27: =-PMT(C$21,'תכנון פרישה (מקסימום תשואה)'!גיל_הפנסיה-'תכנון פרישה (מקסימום תשואה)'!הגיל_שלנו_2023-'תכנון פרישה (מקסימום תשואה)'!שנות_עבודה_שנותרו,C25)/12 -> 10583.97 | D27: =-PMT(D$21,'תכנון פרישה (מקסימום תשואה)'!גיל_הפנסיה-'תכנון פרישה (מקסימום תשואה)'!הגיל_שלנו_2023-'תכנון פרישה (מקסימום תשואה)'!שנות_עבודה_שנותרו,D25)/12 -> 12182.389 | E27: =-PMT(E$21,'תכנון פרישה (מקסימום תשואה)'!גיל_הפנסיה-'תכנון פרישה (מקסימום תשואה)'!הגיל_שלנו_2023-'תכנון פרישה (מקסימום תשואה)'!שנות_עבודה_שנותרו,E25)/12 -> 13949.868 | F27: =-PMT(F$21,'תכנון פרישה (מקסימום תשואה)'!גיל_הפנסיה-'תכנון פרישה (מקסימום תשואה)'!הגיל_שלנו_2023-'תכנון פרישה (מקסימום תשואה)'!שנות_עבודה_שנותרו,F25)/12 -> 15895.487 | G27: =-PMT(G$21,'תכנון פרישה (מקסימום תשואה)'!גיל_הפנסיה-'תכנון פרישה (מקסימום תשואה)'!הגיל_שלנו_2023-'תכנון פרישה (מקסימום תשואה)'!שנות_עבודה_שנותרו,G25)/12 -> 18028.399
A28: 0.2 | B28: =-FV(B$21,'תכנון פרישה (מקסימום תשואה)'!שנות_עבודה_שנותרו,$D$15*12*$A28)+('תכנון פרישה (מקסימום תשואה)'!חסכון_נוכחי_2023*(1+B$21)^'תכנון פרישה (מקסימום תשואה)'!שנות_עבודה_שנותרו) -> 2518483 | C28: =-FV(C$21,'תכנון פרישה (מקסימום תשואה)'!שנות_עבודה_שנותרו,$D$15*12*$A28)+('תכנון פרישה (מקסימום תשואה)'!חסכון_נוכחי_2023*(1+C$21)^'תכנון פרישה (מקסימום תשואה)'!שנות_עבודה_שנותרו) -> 2613564.7 | D28: =-FV(D$21,'תכנון פרישה (מקסימום תשואה)'!שנות_עבודה_שנותרו,$D$15*12*$A28)+('תכנון פרישה (מקסימום תשואה)'!חסכון_נוכחי_2023*(1+D$21)^'תכנון פרישה (מקסימום תשואה)'!שנות_עבודה_שנותרו) -> 2712692.6 | E28: =-FV(E$21,'תכנון פרישה (מקסימום תשואה)'!שנות_עבודה_שנותרו,$D$15*12*$A28)+('תכנון פרישה (מקסימום תשואה)'!חסכון_נוכחי_2023*(1+E$21)^'תכנון פרישה (מקסימום תשואה)'!שנות_עבודה_שנותרו) -> 2816028.3 | F28: =-FV(F$21,'תכנון פרישה (מקסימום תשואה)'!שנות_עבודה_שנותרו,$D$15*12*$A28)+('תכנון פרישה (מקסימום תשואה)'!חסכון_נוכחי_2023*(1+F$21)^'תכנון פרישה (מקסימום תשואה)'!שנות_עבודה_שנותרו) -> 2923739.1 | G28: =-FV(G$21,'תכנון פרישה (מקסימום תשואה)'!שנות_עבודה_שנותרו,$D$15*12*$A28)+('תכנון פרישה (מקסימום תשואה)'!חסכון_נוכחי_2023*(1+G$21)^'תכנון פרישה (מקסימום תשואה)'!שנות_עבודה_שנותרו) -> 3035997.7
A29: כמה נמשוך רק מהתשואה בגיל פרישה | B29: =B28*B$21/12 -> 6296.2076 | C29: =C28*C$21/12 -> 8711.8823 | D29: =D28*D$21/12 -> 11302.886 | E29: =E28*E$21/12 -> 14080.142 | F29: =F28*F$21/12 -> 17055.145 | G29: =G28*G$21/12 -> 20239.984
A30: ="כמה נמשוך כולל הקרן , מהפרישה ועד גיל "&$E$4&"" -> כמה נמשוך כולל הקרן , מהפרישה ועד גיל 60 | B30: =-PMT(B$21,'תכנון פרישה (מקסימום תשואה)'!גיל_הפנסיה-'תכנון פרישה (מקסימום תשואה)'!הגיל_שלנו_2023-'תכנון פרישה (מקסימום תשואה)'!שנות_עבודה_שנותרו,B28)/12 -> 12052.593 | C30: =-PMT(C$21,'תכנון פרישה (מקסימום תשואה)'!גיל_הפנסיה-'תכנון פרישה (מקסימום תשואה)'!הגיל_שלנו_2023-'תכנון פרישה (מקסימום תשואה)'!שנות_עבודה_שנותרו,C28)/12 -> 13941.617 | D30: =-PMT(D$21,'תכנון פרישה (מקסימום תשואה)'!גיל_הפנסיה-'תכנון פרישה (מקסימום תשואה)'!הגיל_שלנו_2023-'תכנון פרישה (מקסימום תשואה)'!שנות_עבודה_שנותרו,D28)/12 -> 16039.35 | E30: =-PMT(E$21,'תכנון פרישה (מקסימום תשואה)'!גיל_הפנסיה-'תכנון פרישה (מקסימום תשואה)'!הגיל_שלנו_2023-'תכנון פרישה (מקסימום תשואה)'!שנות_עבודה_שנותרו,E28)/12 -> 18357.388 | F30: =-PMT(F$21,'תכנון פרישה (מקסימום תשואה)'!גיל_הפנסיה-'תכנון פרישה (מקסימום תשואה)'!הגיל_שלנו_2023-'תכנון פרישה (מקסימום תשואה)'!שנות_עבודה_שנותרו,F28)/12 -> 20907.297 | G30: =-PMT(G$21,'תכנון פרישה (מקסימום תשואה)'!גיל_הפנסיה-'תכנון פרישה (מקסימום תשואה)'!הגיל_שלנו_2023-'תכנון פרישה (מקסימום תשואה)'!שנות_עבודה_שנותרו,G28)/12 -> 23700.713
A31: 0.25 | B31: =-FV(B$21,'תכנון פרישה (מקסימום תשואה)'!שנות_עבודה_שנותרו,$D$15*12*$A31)+('תכנון פרישה (מקסימום תשואה)'!חסכון_נוכחי_2023*(1+B$21)^'תכנון פרישה (מקסימום תשואה)'!שנות_עבודה_שנותרו) -> 3125935.3 | C31: =-FV(C$21,'תכנון פרישה (מקסימום תשואה)'!שנות_עבודה_שנותרו,$D$15*12*$A31)+('תכנון פרישה (מקסימום תשואה)'!חסכון_נוכחי_2023*(1+C$21)^'תכנון פרישה (מקסימום תשואה)'!שנות_עבודה_שנותרו) -> 3243005.9 | D31: =-FV(D$21,'תכנון פרישה (מקסימום תשואה)'!שנות_עבודה_שנותרו,$D$15*12*$A31)+('תכנון פרישה (מקסימום תשואה)'!חסכון_נוכחי_2023*(1+D$21)^'תכנון פרישה (מקסימום תשואה)'!שנות_עבודה_שנותרו) -> 3365010.3 | E31: =-FV(E$21,'תכנון פרישה (מקסימום תשואה)'!שנות_עבודה_שנותרו,$D$15*12*$A31)+('תכנון פרישה (מקסימום תשואה)'!חסכון_נוכחי_2023*(1+E$21)^'תכנון פרישה (מקסימום תשואה)'!שנות_עבודה_שנותרו) -> 3492143.1 | F31: =-FV(F$21,'תכנון פרישה (מקסימום תשואה)'!שנות_עבודה_שנותרו,$D$15*12*$A31)+('תכנון פרישה (מקסימום תשואה)'!חסכון_נוכחי_2023*(1+F$21)^'תכנון פרישה (מקסימום תשואה)'!שנות_עבודה_שנותרו) -> 3624605.6 | G31: =-FV(G$21,'תכנון פרישה (מקסימום תשואה)'!שנות_עבודה_שנותרו,$D$15*12*$A31)+('תכנון פרישה (מקסימום תשואה)'!חסכון_נוכחי_2023*(1+G$21)^'תכנון פרישה (מקסימום תשואה)'!שנות_עבודה_שנותרו) -> 3762605.8
A32: כמה נמשוך רק מהתשואה בגיל פרישה | B32: =B31*B$21/12 -> 7814.8383 | C32: =C31*C$21/12 -> 10810.02 | D32: =D31*D$21/12 -> 14020.876 | E32: =E31*E$21/12 -> 17460.715 | F32: =F31*F$21/12 -> 21143.533 | G32: =G31*G$21/12 -> 25084.039
A33: ="כמה נמשוך כולל הקרן , מהפרישה ועד גיל "&$E$4&"" -> כמה נמשוך כולל הקרן , מהפרישה ועד גיל 60 | B33: =-PMT(B$21,'תכנון פרישה (מקסימום תשואה)'!גיל_הפנסיה-'תכנון פרישה (מקסימום תשואה)'!הגיל_שלנו_2023-'תכנון פרישה (מקסימום תשואה)'!שנות_עבודה_שנותרו,B31)/12 -> 14959.651 | C33: =-PMT(C$21,'תכנון פרישה (מקסימום תשואה)'!גיל_הפנסיה-'תכנון פרישה (מקסימום תשואה)'!הגיל_שלנו_2023-'תכנון פרישה (מקסימום תשואה)'!שנות_עבודה_שנותרו,C31)/12 -> 17299.264 | D33: =-PMT(D$21,'תכנון פרישה (מקסימום תשואה)'!גיל_הפנסיה-'תכנון פרישה (מקסימום תשואה)'!הגיל_שלנו_2023-'תכנון פרישה (מקסימום תשואה)'!שנות_עבודה_שנותרו,D31)/12 -> 19896.312 | E33: =-PMT(E$21,'תכנון פרישה (מקסימום תשואה)'!גיל_הפנסיה-'תכנון פרישה (מקסימום תשואה)'!הגיל_שלנו_2023-'תכנון פרישה (מקסימום תשואה)'!שנות_עבודה_שנותרו,E31)/12 -> 22764.908 | F33: =-PMT(F$21,'תכנון פרישה (מקסימום תשואה)'!גיל_הפנסיה-'תכנון פרישה (מקסימום תשואה)'!הגיל_שלנו_2023-'תכנון פרישה (מקסימום תשואה)'!שנות_עבודה_שנותרו,F31)/12 -> 25919.107 | G33: =-PMT(G$21,'תכנון פרישה (מקסימום תשואה)'!גיל_הפנסיה-'תכנון פרישה (מקסימום תשואה)'!הגיל_שלנו_2023-'תכנון פרישה (מקסימום תשואה)'!שנות_עבודה_שנותרו,G31)/12 -> 29373.027
A34: 0.3 | B34: =-FV(B$21,'תכנון פרישה (מקסימום תשואה)'!שנות_עבודה_שנותרו,$D$15*12*$A34)+('תכנון פרישה (מקסימום תשואה)'!חסכון_נוכחי_2023*(1+B$21)^'תכנון פרישה (מקסימום תשואה)'!שנות_עבודה_שנותרו) -> 3733387.6 | C34: =-FV(C$21,'תכנון פרישה (מקסימום תשואה)'!שנות_עבודה_שנותרו,$D$15*12*$A34)+('תכנון פרישה (מקסימום תשואה)'!חסכון_נוכחי_2023*(1+C$21)^'תכנון פרישה (מקסימום תשואה)'!שנות_עבודה_שנותרו) -> 3872447.1 | D34: =-FV(D$21,'תכנון פרישה (מקסימום תשואה)'!שנות_עבודה_שנותרו,$D$15*12*$A34)+('תכנון פרישה (מקסימום תשואה)'!חסכון_נוכחי_2023*(1+D$21)^'תכנון פרישה (מקסימום תשואה)'!שנות_עבודה_שנותרו) -> 4017328 | E34: =-FV(E$21,'תכנון פרישה (מקסימום תשואה)'!שנות_עבודה_שנותרו,$D$15*12*$A34)+('תכנון פרישה (מקסימום תשואה)'!חסכון_נוכחי_2023*(1+E$21)^'תכנון פרישה (מקסימום תשואה)'!שנות_עבודה_שנותרו) -> 4168257.8 | F34: =-FV(F$21,'תכנון פרישה (מקסימום תשואה)'!שנות_עבודה_שנותרו,$D$15*12*$A34)+('תכנון פרישה (מקסימום תשואה)'!חסכון_נוכחי_2023*(1+F$21)^'תכנון פרישה (מקסימום תשואה)'!שנות_עבודה_שנותרו) -> 4325472.1 | G34: =-FV(G$21,'תכנון פרישה (מקסימום תשואה)'!שנות_עבודה_שנותרו,$D$15*12*$A34)+('תכנון פרישה (מקסימום תשואה)'!חסכון_נוכחי_2023*(1+G$21)^'תכנון פרישה (מקסימום תשואה)'!שנות_עבודה_שנותרו) -> 4489214
A35: כמה נמשוך רק מהתשואה בגיל פרישה | B35: =B34*B$21/12 -> 9333.469 | C35: =C34*C$21/12 -> 12908.157 | D35: =D34*D$21/12 -> 16738.866 | E35: =E34*E$21/12 -> 20841.289 | F35: =F34*F$21/12 -> 25231.92 | G35: =G34*G$21/12 -> 29928.093
A36: ="כמה נמשוך כולל הקרן , מהפרישה ועד גיל "&$E$4&"" -> כמה נמשוך כולל הקרן , מהפרישה ועד גיל 60 | B36: =-PMT(B$21,'תכנון פרישה (מקסימום תשואה)'!גיל_הפנסיה-'תכנון פרישה (מקסימום תשואה)'!הגיל_שלנו_2023-'תכנון פרישה (מקסימום תשואה)'!שנות_עבודה_שנותרו,B34)/12 -> 17866.709 | C36: =-PMT(C$21,'תכנון פרישה (מקסימום תשואה)'!גיל_הפנסיה-'תכנון פרישה (מקסימום תשואה)'!הגיל_שלנו_2023-'תכנון פרישה (מקסימום תשואה)'!שנות_עבודה_שנותרו,C34)/12 -> 20656.912 | D36: =-PMT(D$21,'תכנון פרישה (מקסימום תשואה)'!גיל_הפנסיה-'תכנון פרישה (מקסימום תשואה)'!הגיל_שלנו_2023-'תכנון פרישה (מקסימום תשואה)'!שנות_עבודה_שנותרו,D34)/12 -> 23753.274 | E36: =-PMT(E$21,'תכנון פרישה (מקסימום תשואה)'!גיל_הפנסיה-'תכנון פרישה (מקסימום תשואה)'!הגיל_שלנו_2023-'תכנון פרישה (מקסימום תשואה)'!שנות_עבודה_שנותרו,E34)/12 -> 27172.427 | F36: =-PMT(F$21,'תכנון פרישה (מקסימום תשואה)'!גיל_הפנסיה-'תכנון פרישה (מקסימום תשואה)'!הגיל_שלנו_2023-'תכנון פרישה (מקסימום תשואה)'!שנות_עבודה_שנותרו,F34)/12 -> 30930.916 | G36: =-PMT(G$21,'תכנון פרישה (מקסימום תשואה)'!גיל_הפנסיה-'תכנון פרישה (מקסימום תשואה)'!הגיל_שלנו_2023-'תכנון פרישה (מקסימום תשואה)'!שנות_עבודה_שנותרו,G34)/12 -> 35045.34
A37: 0.35 | B37: =-FV(B$21,'תכנון פרישה (מקסימום תשואה)'!שנות_עבודה_שנותרו,$D$15*12*$A37)+('תכנון פרישה (מקסימום תשואה)'!חסכון_נוכחי_2023*(1+B$21)^'תכנון פרישה (מקסימום תשואה)'!שנות_עבודה_שנותרו) -> 4340839.9 | C37: =-FV(C$21,'תכנון פרישה (מקסימום תשואה)'!שנות_עבודה_שנותרו,$D$15*12*$A37)+('תכנון פרישה (מקסימום תשואה)'!חסכון_נוכחי_2023*(1+C$21)^'תכנון פרישה (מקסימום תשואה)'!שנות_עבודה_שנותרו) -> 4501888.3 | D37: =-FV(D$21,'תכנון פרישה (מקסימום תשואה)'!שנות_עבודה_שנותרו,$D$15*12*$A37)+('תכנון פרישה (מקסימום תשואה)'!חסכון_נוכחי_2023*(1+D$21)^'תכנון פרישה (מקסימום תשואה)'!שנות_עבודה_שנותרו) -> 4669645.6 | E37: =-FV(E$21,'תכנון פרישה (מקסימום תשואה)'!שנות_עבודה_שנותרו,$D$15*12*$A37)+('תכנון פרישה (מקסימום תשואה)'!חסכון_נוכחי_2023*(1+E$21)^'תכנון פרישה (מקסימום תשואה)'!שנות_עבודה_שנותרו) -> 4844372.6 | F37: =-FV(F$21,'תכנון פרישה (מקסימום תשואה)'!שנות_עבודה_שנותרו,$D$15*12*$A37)+('תכנון פרישה (מקסימום תשואה)'!חסכון_נוכחי_2023*(1+F$21)^'תכנון פרישה (מקסימום תשואה)'!שנות_עבודה_שנותרו) -> 5026338.6 | G37: =-FV(G$21,'תכנון פרישה (מקסימום תשואה)'!שנות_עבודה_שנותרו,$D$15*12*$A37)+('תכנון פרישה (מקסימום תשואה)'!חסכון_נוכחי_2023*(1+G$21)^'תכנון פרישה (מקסימום תשואה)'!שנות_עבודה_שנותרו) -> 5215822.1
A38: כמה נמשוך רק מהתשואה בגיל פרישה | B38: =B37*B$21/12 -> 10852.1 | C38: =C37*C$21/12 -> 15006.294 | D38: =D37*D$21/12 -> 19456.857 | E38: =E37*E$21/12 -> 24221.863 | F38: =F37*F$21/12 -> 29320.308 | G38: =G37*G$21/12 -> 34772.147
A39: ="כמה נמשוך כולל הקרן , מהפרישה ועד גיל "&$E$4&"" -> כמה נמשוך כולל הקרן , מהפרישה ועד גיל 60 | B39: =-PMT(B$21,'תכנון פרישה (מקסימום תשואה)'!גיל_הפנסיה-'תכנון פרישה (מקסימום תשואה)'!הגיל_שלנו_2023-'תכנון פרישה (מקסימום תשואה)'!שנות_עבודה_שנותרו,B37)/12 -> 20773.766 | C39: =-PMT(C$21,'תכנון פרישה (מקסימום תשואה)'!גיל_הפנסיה-'תכנון פרישה (מקסימום תשואה)'!הגיל_שלנו_2023-'תכנון פרישה (מקסימום תשואה)'!שנות_עבודה_שנותרו,C37)/12 -> 24014.559 | D39: =-PMT(D$21,'תכנון פרישה (מקסימום תשואה)'!גיל_הפנסיה-'תכנון פרישה (מקסימום תשואה)'!הגיל_שלנו_2023-'תכנון פרישה (מקסימום תשואה)'!שנות_עבודה_שנותרו,D37)/12 -> 27610.236 | E39: =-PMT(E$21,'תכנון פרישה (מקסימום תשואה)'!גיל_הפנסיה-'תכנון פרישה (מקסימום תשואה)'!הגיל_שלנו_2023-'תכנון פרישה (מקסימום תשואה)'!שנות_עבודה_שנותרו,E37)/12 -> 31579.947 | F39: =-PMT(F$21,'תכנון פרישה (מקסימום תשואה)'!גיל_הפנסיה-'תכנון פרישה (מקסימום תשואה)'!הגיל_שלנו_2023-'תכנון פרישה (מקסימום תשואה)'!שנות_עבודה_שנותרו,F37)/12 -> 35942.726 | G39: =-PMT(G$21,'תכנון פרישה (מקסימום תשואה)'!גיל_הפנסיה-'תכנון פרישה (מקסימום תשואה)'!הגיל_שלנו_2023-'תכנון פרישה (מקסימום תשואה)'!שנות_עבודה_שנותרו,G37)/12 -> 40717.654
A40: 0.4 | B40: =-FV(B$21,'תכנון פרישה (מקסימום תשואה)'!שנות_עבודה_שנותרו,$D$15*12*$A40)+('תכנון פרישה (מקסימום תשואה)'!חסכון_נוכחי_2023*(1+B$21)^'תכנון פרישה (מקסימום תשואה)'!שנות_עבודה_שנותרו) -> 4948292.2 | C40: =-FV(C$21,'תכנון פרישה (מקסימום תשואה)'!שנות_עבודה_שנותרו,$D$15*12*$A40)+('תכנון פרישה (מקסימום תשואה)'!חסכון_נוכחי_2023*(1+C$21)^'תכנון פרישה (מקסימום תשואה)'!שנות_עבודה_שנותרו) -> 5131329.5 | D40: =-FV(D$21,'תכנון פרישה (מקסימום תשואה)'!שנות_עבודה_שנותרו,$D$15*12*$A40)+('תכנון פרישה (מקסימום תשואה)'!חסכון_נוכחי_2023*(1+D$21)^'תכנון פרישה (מקסימום תשואה)'!שנות_עבודה_שנותרו) -> 5321963.3 | E40: =-FV(E$21,'תכנון פרישה (מקסימום תשואה)'!שנות_עבודה_שנותרו,$D$15*12*$A40)+('תכנון פרישה (מקסימום תשואה)'!חסכון_נוכחי_2023*(1+E$21)^'תכנון פרישה (מקסימום תשואה)'!שנות_עבודה_שנותרו) -> 5520487.3 | F40: =-FV(F$21,'תכנון פרישה (מקסימום תשואה)'!שנות_עבודה_שנותרו,$D$15*12*$A40)+('תכנון פרישה (מקסימום תשואה)'!חסכון_נוכחי_2023*(1+F$21)^'תכנון פרישה (מקסימום תשואה)'!שנות_עבודה_שנותרו) -> 5727205.1 | G40: =-FV(G$21,'תכנון פרישה (מקסימום תשואה)'!שנות_עבודה_שנותרו,$D$15*12*$A40)+('תכנון פרישה (מקסימום תשואה)'!חסכון_נוכחי_2023*(1+G$21)^'תכנון פרישה (מקסימום תשואה)'!שנות_עבודה_שנותרו) -> 5942430.2
A41: כמה נמשוך רק מהתשואה בגיל פרישה | B41: =B40*B$21/12 -> 12370.73 | C41: =C40*C$21/12 -> 17104.432 | D41: =D40*D$21/12 -> 22174.847 | E41: =E40*E$21/12 -> 27602.437 | F41: =F40*F$21/12 -> 33408.696 | G41: =G40*G$21/12 -> 39616.202
A42: ="כמה נמשוך כולל הקרן , מהפרישה ועד גיל "&$E$4&"" -> כמה נמשוך כולל הקרן , מהפרישה ועד גיל 60 | B42: =-PMT(B$21,'תכנון פרישה (מקסימום תשואה)'!גיל_הפנסיה-'תכנון פרישה (מקסימום תשואה)'!הגיל_שלנו_2023-'תכנון פרישה (מקסימום תשואה)'!שנות_עבודה_שנותרו,B40)/12 -> 23680.824 | C42: =-PMT(C$21,'תכנון פרישה (מקסימום תשואה)'!גיל_הפנסיה-'תכנון פרישה (מקסימום תשואה)'!הגיל_שלנו_2023-'תכנון פרישה (מקסימום תשואה)'!שנות_עבודה_שנותרו,C40)/12 -> 27372.206 | D42: =-PMT(D$21,'תכנון פרישה (מקסימום תשואה)'!גיל_הפנסיה-'תכנון פרישה (מקסימום תשואה)'!הגיל_שלנו_2023-'תכנון פרישה (מקסימום תשואה)'!שנות_עבודה_שנותרו,D40)/12 -> 31467.198 | E42: =-PMT(E$21,'תכנון פרישה (מקסימום תשואה)'!גיל_הפנסיה-'תכנון פרישה (מקסימום תשואה)'!הגיל_שלנו_2023-'תכנון פרישה (מקסימום תשואה)'!שנות_עבודה_שנותרו,E40)/12 -> 35987.467 | F42: =-PMT(F$21,'תכנון פרישה (מקסימום תשואה)'!גיל_הפנסיה-'תכנון פרישה (מקסימום תשואה)'!הגיל_שלנו_2023-'תכנון פרישה (מקסימום תשואה)'!שנות_עבודה_שנותרו,F40)/12 -> 40954.536 | G42: =-PMT(G$21,'תכנון פרישה (מקסימום תשואה)'!גיל_הפנסיה-'תכנון פרישה (מקסימום תשואה)'!הגיל_שלנו_2023-'תכנון פרישה (מקסימום תשואה)'!שנות_עבודה_שנותרו,G40)/12 -> 46389.967
A43: 0.45 | B43: =-FV(B$21,'תכנון פרישה (מקסימום תשואה)'!שנות_עבודה_שנותרו,$D$15*12*$A43)+('תכנון פרישה (מקסימום תשואה)'!חסכון_נוכחי_2023*(1+B$21)^'תכנון פרישה (מקסימום תשואה)'!שנות_עבודה_שנותרו) -> 5555744.5 | C43: =-FV(C$21,'תכנון פרישה (מקסימום תשואה)'!שנות_עבודה_שנותרו,$D$15*12*$A43)+('תכנון פרישה (מקסימום תשואה)'!חסכון_נוכחי_2023*(1+C$21)^'תכנון פרישה (מקסימום תשואה)'!שנות_עבודה_שנותרו) -> 5760770.8 | D43: =-FV(D$21,'תכנון פרישה (מקסימום תשואה)'!שנות_עבודה_שנותרו,$D$15*12*$A43)+('תכנון פרישה (מקסימום תשואה)'!חסכון_נוכחי_2023*(1+D$21)^'תכנון פרישה (מקסימום תשואה)'!שנות_עבודה_שנותרו) -> 5974281 | E43: =-FV(E$21,'תכנון פרישה (מקסימום תשואה)'!שנות_עבודה_שנותרו,$D$15*12*$A43)+('תכנון פרישה (מקסימום תשואה)'!חסכון_נוכחי_2023*(1+E$21)^'תכנון פרישה (מקסימום תשואה)'!שנות_עבודה_שנותרו) -> 6196602 | F43: =-FV(F$21,'תכנון פרישה (מקסימום תשואה)'!שנות_עבודה_שנותרו,$D$15*12*$A43)+('תכנון פרישה (מקסימום תשואה)'!חסכון_נוכחי_2023*(1+F$21)^'תכנון פרישה (מקסימום תשואה)'!שנות_עבודה_שנותרו) -> 6428071.6 | G43: =-FV(G$21,'תכנון פרישה (מקסימום תשואה)'!שנות_עבודה_שנותרו,$D$15*12*$A43)+('תכנון פרישה (מקסימום תשואה)'!חסכון_נוכחי_2023*(1+G$21)^'תכנון פרישה (מקסימום תשואה)'!שנות_עבודה_שנותרו) -> 6669038.4
A44: כמה נמשוך רק מהתשואה בגיל פרישה | B44: =B43*B$21/12 -> 13889.361 | C44: =C43*C$21/12 -> 19202.569 | D44: =D43*D$21/12 -> 24892.837 | E44: =E43*E$21/12 -> 30983.01 | F44: =F43*F$21/12 -> 37497.084 | G44: =G43*G$21/12 -> 44460.256
A45: ="כמה נמשוך כולל הקרן , מהפרישה ועד גיל "&$E$4&"" -> כמה נמשוך כולל הקרן , מהפרישה ועד גיל 60 | B45: =-PMT(B$21,'תכנון פרישה (מקסימום תשואה)'!גיל_הפנסיה-'תכנון פרישה (מקסימום תשואה)'!הגיל_שלנו_2023-'תכנון פרישה (מקסימום תשואה)'!שנות_עבודה_שנותרו,B43)/12 -> 26587.881 | C45: =-PMT(C$21,'תכנון פרישה (מקסימום תשואה)'!גיל_הפנסיה-'תכנון פרישה (מקסימום תשואה)'!הגיל_שלנו_2023-'תכנון פרישה (מקסימום תשואה)'!שנות_עבודה_שנותרו,C43)/12 -> 30729.854 | D45: =-PMT(D$21,'תכנון פרישה (מקסימום תשואה)'!גיל_הפנסיה-'תכנון פרישה (מקסימום תשואה)'!הגיל_שלנו_2023-'תכנון פרישה (מקסימום תשואה)'!שנות_עבודה_שנותרו,D43)/12 -> 35324.16 | E45: =-PMT(E$21,'תכנון פרישה (מקסימום תשואה)'!גיל_הפנסיה-'תכנון פרישה (מקסימום תשואה)'!הגיל_שלנו_2023-'תכנון פרישה (מקסימום תשואה)'!שנות_עבודה_שנותרו,E43)/12 -> 40394.987 | F45: =-PMT(F$21,'תכנון פרישה (מקסימום תשואה)'!גיל_הפנסיה-'תכנון פרישה (מקסימום תשואה)'!הגיל_שלנו_2023-'תכנון פרישה (מקסימום תשואה)'!שנות_עבודה_שנותרו,F43)/12 -> 45966.346 | G45: =-PMT(G$21,'תכנון פרישה (מקסימום תשואה)'!גיל_הפנסיה-'תכנון פרישה (מקסימום תשואה)'!הגיל_שלנו_2023-'תכנון פרישה (מקסימום תשואה)'!שנות_עבודה_שנותרו,G43)/12 -> 52062.281
A46: 0.5 | B46: =-FV(B$21,'תכנון פרישה (מקסימום תשואה)'!שנות_עבודה_שנותרו,$D$15*12*$A46)+('תכנון פרישה (מקסימום תשואה)'!חסכון_נוכחי_2023*(1+B$21)^'תכנון פרישה (מקסימום תשואה)'!שנות_עבודה_שנותרו) -> 6163196.8 | C46: =-FV(C$21,'תכנון פרישה (מקסימום תשואה)'!שנות_עבודה_שנותרו,$D$15*12*$A46)+('תכנון פרישה (מקסימום תשואה)'!חסכון_נוכחי_2023*(1+C$21)^'תכנון פרישה (מקסימום תשואה)'!שנות_עבודה_שנותרו) -> 6390212 | D46: =-FV(D$21,'תכנון פרישה (מקסימום תשואה)'!שנות_עבודה_שנותרו,$D$15*12*$A46)+('תכנון פרישה (מקסימום תשואה)'!חסכון_נוכחי_2023*(1+D$21)^'תכנון פרישה (מקסימום תשואה)'!שנות_עבודה_שנותרו) -> 6626598.7 | E46: =-FV(E$21,'תכנון פרישה (מקסימום תשואה)'!שנות_עבודה_שנותרו,$D$15*12*$A46)+('תכנון פרישה (מקסימום תשואה)'!חסכון_נוכחי_2023*(1+E$21)^'תכנון פרישה (מקסימום תשואה)'!שנות_עבודה_שנותרו) -> 6872716.8 | F46: =-FV(F$21,'תכנון פרישה (מקסימום תשואה)'!שנות_עבודה_שנותרו,$D$15*12*$A46)+('תכנון פרישה (מקסימום תשואה)'!חסכון_נוכחי_2023*(1+F$21)^'תכנון פרישה (מקסימום תשואה)'!שנות_עבודה_שנותרו) -> 7128938.1 | G46: =-FV(G$21,'תכנון פרישה (מקסימום תשואה)'!שנות_עבודה_שנותרו,$D$15*12*$A46)+('תכנון פרישה (מקסימום תשואה)'!חסכון_נוכחי_2023*(1+G$21)^'תכנון פרישה (מקסימום תשואה)'!שנות_עבודה_שנותרו) -> 7395646.5
A47: כמה נמשוך רק מהתשואה בגיל פרישה | B47: =B46*B$21/12 -> 15407.992 | C47: =C46*C$21/12 -> 21300.707 | D47: =D46*D$21/12 -> 27610.828 | E47: =E46*E$21/12 -> 34363.584 | F47: =F46*F$21/12 -> 41585.472 | G47: =G46*G$21/12 -> 49304.31
A48: ="כמה נמשוך כולל הקרן , מהפרישה ועד גיל "&$E$4&"" -> כמה נמשוך כולל הקרן , מהפרישה ועד גיל 60 | B48: =-PMT(B$21,'תכנון פרישה (מקסימום תשואה)'!גיל_הפנסיה-'תכנון פרישה (מקסימום תשואה)'!הגיל_שלנו_2023-'תכנון פרישה (מקסימום תשואה)'!שנות_עבודה_שנותרו,B46)/12 -> 29494.939 | C48: =-PMT(C$21,'תכנון פרישה (מקסימום תשואה)'!גיל_הפנסיה-'תכנון פרישה (מקסימום תשואה)'!הגיל_שלנו_2023-'תכנון פרישה (מקסימום תשואה)'!שנות_עבודה_שנותרו,C46)/12 -> 34087.501 | D48: =-PMT(D$21,'תכנון פרישה (מקסימום תשואה)'!גיל_הפנסיה-'תכנון פרישה (מקסימום תשואה)'!הגיל_שלנו_2023-'תכנון פרישה (מקסימום תשואה)'!שנות_עבודה_שנותרו,D46)/12 -> 39181.122 | E48: =-PMT(E$21,'תכנון פרישה (מקסימום תשואה)'!גיל_הפנסיה-'תכנון פרישה (מקסימום תשואה)'!הגיל_שלנו_2023-'תכנון פרישה (מקסימום תשואה)'!שנות_עבודה_שנותרו,E46)/12 -> 44802.507 | F48: =-PMT(F$21,'תכנון פרישה (מקסימום תשואה)'!גיל_הפנסיה-'תכנון פרישה (מקסימום תשואה)'!הגיל_שלנו_2023-'תכנון פרישה (מקסימום תשואה)'!שנות_עבודה_שנותרו,F46)/12 -> 50978.156 | G48: =-PMT(G$21,'תכנון פרישה (מקסימום תשואה)'!גיל_הפנסיה-'תכנון פרישה (מקסימום תשואה)'!הגיל_שלנו_2023-'תכנון פרישה (מקסימום תשואה)'!שנות_עבודה_שנותרו,G46)/12 -> 57734.595

Sheet תכנון פרישה (מינימום תשואה)
I1: מהפרישה המוקדמת ועד גיל הפרישה (הפנסיה) | O1: בפנסיה
A2: שנות עבודה עד הפרישה | B2: 11 | D2: הכנסה חודשית ברוטו מפרישה ועד גיל פנסיה (לרמת החיים שהתרגלנו) | E2: ='תכנון פרישה'!E2 -> 30000 | K2: חיסכון חודשי בעת העבודה | L2: מצב בעת הפרישה | Q2: מצב בעת היציאה לפנסיה
J3: קופות גמל | K3: =(8.33%+6%+6.5%)*'תכנון פרישה (מינימום תשואה)'!השכר_הסוציאלי_2023-'תכנון פרישה (מינימום תשואה)'!תקרת_הפקדה_לפנסיה_בשנת_2023 -> 4507.5 | L3: =fv($B$4,$B$2,-K3*12)+'תכנון פרישה (מינימום תשואה)'!קופת_גמל*(1+$B$4)^$B$2 -> 729476.75 | P3: קופות גמל | Q3: =L3*(1+'תכנון פרישה (מינימום תשואה)'!תשואה_ריאלית)^('תכנון פרישה (מינימום תשואה)'!גיל_הפנסיה-'תכנון פרישה (מינימום תשואה)'!שנות_עבודה_שנותרו-'תכנון פרישה (מינימום תשואה)'!הגיל_שלנו_2023) -> 1869870.8
A4: תשואה ריאלית על השקעות ונכסים | B4: 0.04 | D4: גיל למשיכת כספים סוציאליים (לפחות 60) | E4: 62 | J4: קרנות פנסיה | K4: 4866 | L4: =fv($B$4,$B$2,-K4*12)+'תכנון פרישה (מינימום תשואה)'!קרן_פנסיה*(1+$B$4)^$B$2 -> 1018413.1 | P4: קרנות פנסיה | Q4: =L4*(1+'תכנון פרישה (מינימום תשואה)'!תשואה_ריאלית)^('תכנון פרישה (מינימום תשואה)'!גיל_הפנסיה-'תכנון פרישה (מינימום תשואה)'!שנות_עבודה_שנותרו-'תכנון פרישה (מינימום תשואה)'!הגיל_שלנו_2023) -> 2610502.6
A5: קרנות השתלמות | B5: ='תכנון פרישה'!B5 -> 70000 | J5: קרן השתלמות | K5: =1571*2 -> 3142 | L5: =fv($B$4,$B$2,-K5*12)+B5*(1+$B$4)^$B$2 -> 616251.18
A6: הון עצמי מושקע | B6: ='תכנון פרישה'!B6 -> 100000 | J6: הון עצמי מושקע | K6: =-E12-sum(K3:K5) -> 42979.241 | L6: =fv($B$4,$B$2,-K6*12)+B6*(1+$B$4)^$B$2 -> 7109543.1 | P6: פנסיה ברוטו | Q6: =SUM(Q3:Q4)/(202+4*(67-E4)) -> 20181.862
A7: קרנות פנסיה | B7: ='תכנון פרישה'!B7 -> 150000
A8: קופת גמל \ ביטוחי מנהלים | B8: ='תכנון פרישה'!B8 | J8: הון עצמי לשימושנו | K8: =L5+L6 -> 7725794.3
A9: ריבית משכנתא ממוצעת | B9: ='תכנון פרישה'!B9 -> 0.045 | E9: מחושב | F9: באחוזים מהשכר | J9: למשך תקופה של | K9: =E4-B2-B14 -> 24 | L9: שנים
A10: יתרת משכנתא | B10: ='תכנון פרישה'!B10 -> 900000 | D10: תשלום חודשי לבית | E10: =PMT(B9,$B$2,B10)/12 -> -8793.6136 | F10: =-E10/$D$15 -> 0.093262988 | J10: בשיעור משיכה של | K10: =E2*12/K8 -> 0.04659715 | L10: בשנה
A11: סכום שיידרש בגיל הפרישה (כילוי מלא ללא השקעה) | B11: =E2*12*('תכנון פרישה (מינימום תשואה)'!גיל_הפנסיה-'תכנון פרישה (מינימום תשואה)'!הגיל_שלנו_2023-'תכנון פרישה (מינימום תשואה)'!שנות_עבודה_שנותרו) -> 8640000 | D11: תשלום חודשי להשקעות | E11: =PMT($B$4,$B$2, ,B11-($B$5*(1+$B$4)^$B$2))/12 -> -52721.439 | F11: =-E11/$D$15 -> 0.55915112
A12: סכום שיידרש בגיל הפרישה (ללא כילוי) | B12: =E2*12/'תכנון פרישה (מינימום תשואה)'!שיעור_משיכה_בטוח -> 9473684.2 | D12: תשלום חודשי להשקעות | E12: =PMT($B$4,$B$2, ,B12-(($B$5+$B$6+$B$7+$B$8)*(1+$B$4)^$B$2))/12 -> -55494.741 | F12: =-E12/$D$15 -> 0.5885641
A13: השכר הסוציאלי (ברוטו) למשק בית בממוצע לשנים האלו | B13: ='תכנון פרישה'!B13 -> 45000
A14: הגיל היום | B14: ='תכנון פרישה'!B14 -> 27 | D14: אז כמה נטו צריך בחודש בשביל זה (כולל קה"ש ופנסיה)?
A15: שיעור המשיכה הבטוח | B15: 0.038 | D15: =E2-E10-E12 -> 94288.354
D16: שכר בסיס נטו | E16: קרן השתלמות ופנסיה | F16: מניות ובונוסים נטו
D17: =55%*B13 -> 24750 | E17: =(20.833%)*B13+1571*2 -> 12516.85 | F17: =D15-D17-E17 -> 57021.504
E19: ברוטו בדולרים בשנה זה | F19: =F17*12*2/3.7 -> 369869.22
A20: הטבלה הזו - מראה טריידאוף בין עוצמת החיסכון לעוצמת התשואה (הריאלית)
A21: חסכון / תשואה | B21: 0.03 | C21: 0.04 | D21: 0.05 | E21: 0.06 | F21: 0.07 | G21: 0.08
A22: 0.1 | B22: =-FV(B$21,'תכנון פרישה (מינימום תשואה)'!שנות_עבודה_שנותרו,$D$15*12*$A22)+('תכנון פרישה (מינימום תשואה)'!חסכון_נוכחי_2023*(1+B$21)^'תכנון פרישה (מינימום תשואה)'!שנות_עבודה_שנותרו) -> 1546047.5 | C22: =-FV(C$21,'תכנון פרישה (מינימום תשואה)'!שנות_עבודה_שנותרו,$D$15*12*$A22)+('תכנון פרישה (מינימום תשואה)'!חסכון_נוכחי_2023*(1+C$21)^'תכנון פרישה (מינימום תשואה)'!שנות_עבודה_שנותרו) -> 1633688.8 | D22: =-FV(D$21,'תכנון פרישה (מינימום תשואה)'!שנות_עבודה_שנותרו,$D$15*12*$A22)+('תכנון פרישה (מינימום תשואה)'!חסכון_נוכחי_2023*(1+D$21)^'תכנון פרישה (מינימום תשואה)'!שנות_עבודה_שנותרו) -> 1727165.3 | E22: =-FV(E$21,'תכנון פרישה (מינימום תשואה)'!שנות_עבודה_שנותרו,$D$15*12*$A22)+('תכנון פרישה (מינימום תשואה)'!חסכון_נוכחי_2023*(1+E$21)^'תכנון פרישה (מינימום תשואה)'!שנות_עבודה_שנותרו) -> 1826862.8 | F22: =-FV(F$21,'תכנון פרישה (מינימום תשואה)'!שנות_עבודה_שנותרו,$D$15*12*$A22)+('תכנון פרישה (מינימום תשואה)'!חסכון_נוכחי_2023*(1+F$21)^'תכנון פרישה (מינימום תשואה)'!שנות_עבודה_שנותרו) -> 1933191.2 | G22: =-FV(G$21,'תכנון פרישה (מינימום תשואה)'!שנות_עבודה_שנותרו,$D$15*12*$A22)+('תכנון פרישה (מינימום תשואה)'!חסכון_נוכחי_2023*(1+G$21)^'תכנון פרישה (מינימום תשואה)'!שנות_עבודה_שנותרו) -> 2046585.5
A23: כמה נמשוך רק מהתשואה בגיל פרישה | B23: =B22*B$21/12 -> 3865.1189 | C23: =C22*C$21/12 -> 5445.6295 | D23: =D22*D$21/12 -> 7196.5219 | E23: =E22*E$21/12 -> 9134.3138 | F23: =F22*F$21/12 -> 11276.948 | G23: =G22*G$21/12 -> 13643.903
A24: ="כמה נמשוך כולל הקרן , מהפרישה ועד גיל "&$E$4&"" -> כמה נמשוך כולל הקרן , מהפרישה ועד גיל 62 | B24: =-PMT(B$21,'תכנון פרישה (מינימום תשואה)'!גיל_הפנסיה-'תכנון פרישה (מינימום תשואה)'!הגיל_שלנו_2023-'תכנון פרישה (מינימום תשואה)'!שנות_עבודה_שנותרו,B22)/12 -> 7607.5094 | C24: =-PMT(C$21,'תכנון פרישה (מינימום תשואה)'!גיל_הפנסיה-'תכנון פרישה (מינימום תשואה)'!הגיל_שלנו_2023-'תכנון פרישה (מינימום תשואה)'!שנות_עבודה_שנותרו,C22)/12 -> 8929.0395 | D24: =-PMT(D$21,'תכנון פרישה (מינימום תשואה)'!גיל_הפנסיה-'תכנון פרישה (מינימום תשואה)'!הגיל_שלנו_2023-'תכנון פרישה (מינימום תשואה)'!שנות_עבודה_שנותרו,D22)/12 -> 10430.768 | E24: =-PMT(E$21,'תכנון פרישה (מינימום תשואה)'!גיל_הפנסיה-'תכנון פרישה (מינימום תשואה)'!הגיל_שלנו_2023-'תכנון פרישה (מינימום תשואה)'!שנות_עבודה_שנותרו,E22)/12 -> 12130.217 | F24: =-PMT(F$21,'תכנון פרישה (מינימום תשואה)'!גיל_הפנסיה-'תכנון פרישה (מינימום תשואה)'!הגיל_שלנו_2023-'תכנון פרישה (מינימום תשואה)'!שנות_עבודה_שנותרו,F22)/12 -> 14046.087 | G24: =-PMT(G$21,'תכנון פרישה (מינימום תשואה)'!גיל_הפנסיה-'תכנון פרישה (מינימום תשואה)'!הגיל_שלנו_2023-'תכנון פרישה (מינימום תשואה)'!שנות_עבודה_שנותרו,G22)/12 -> 16198.376
A25: 0.15 | B25: =-FV(B$21,'תכנון פרישה (מינימום תשואה)'!שנות_עבודה_שנותרו,$D$15*12*$A25)+('תכנון פרישה (מינימום תשואה)'!חסכון_נוכחי_2023*(1+B$21)^'תכנון פרישה (מינימום תשואה)'!שנות_עבודה_שנותרו) -> 2270623.1 | C25: =-FV(C$21,'תכנון פרישה (מינימום תשואה)'!שנות_עבודה_שנותרו,$D$15*12*$A25)+('תכנון פרישה (מינימום תשואה)'!חסכון_נוכחי_2023*(1+C$21)^'תכנון פרישה (מינימום תשואה)'!שנות_עבודה_שנותרו) -> 2396652.4 | D25: =-FV(D$21,'תכנון פרישה (מינימום תשואה)'!שנות_עבודה_שנותרו,$D$15*12*$A25)+('תכנון פרישה (מינימום תשואה)'!חסכון_נוכחי_2023*(1+D$21)^'תכנון פרישה (מינימום תשואה)'!שנות_עבודה_שנותרו) -> 2530886 | E25: =-FV(E$21,'תכנון פרישה (מינימום תשואה)'!שנות_עבודה_שנותרו,$D$15*12*$A25)+('תכנון פרישה (מינימום תשואה)'!חסכון_נוכחי_2023*(1+E$21)^'תכנון פרישה (מינימום תשואה)'!שנות_עבודה_שנותרו) -> 2673853.7 | F25: =-FV(F$21,'תכנון פרישה (מינימום תשואה)'!שנות_עבודה_שנותרו,$D$15*12*$A25)+('תכנון פרישה (מינימום תשואה)'!חסכון_נוכחי_2023*(1+F$21)^'תכנון פרישה (מינימום תשואה)'!שנות_עבודה_שנותרו) -> 2826116.9 | G25: =-FV(G$21,'תכנון פרישה (מינימום תשואה)'!שנות_עבודה_שנותרו,$D$15*12*$A25)+('תכנון פרישה (מינימום תשואה)'!חסכון_נוכחי_2023*(1+G$21)^'תכנון פרישה (מינימום תשואה)'!שנות_עבודה_שנותרו) -> 2988270.8
A26: כמה נמשוך רק מהתשואה בגיל פרישה | B26: =B25*B$21/12 -> 5676.5578 | C26: =C25*C$21/12 -> 7988.8412 | D26: =D25*D$21/12 -> 10545.358 | E26: =E25*E$21/12 -> 13369.268 | F26: =F25*F$21/12 -> 16485.682 | G26: =G25*G$21/12 -> 19921.806
A27: ="כמה נמשוך כולל הקרן , מהפרישה ועד גיל "&$E$4&"" -> כמה נמשוך כולל הקרן , מהפרישה ועד גיל 62 | B27: =-PMT(B$21,'תכנון פרישה (מינימום תשואה)'!גיל_הפנסיה-'תכנון פרישה (מינימום תשואה)'!הגיל_שלנו_2023-'תכנון פרישה (מינימום תשואה)'!שנות_עבודה_שנותרו,B25)/12 -> 11172.869 | C27: =-PMT(C$21,'תכנון פרישה (מינימום תשואה)'!גיל_הפנסיה-'תכנון פרישה (מינימום תשואה)'!הגיל_שלנו_2023-'תכנון פרישה (מינימום תשואה)'!שנות_עבודה_שנותרו,C25)/12 -> 13099.07 | D27: =-PMT(D$21,'תכנון פרישה (מינימום תשואה)'!גיל_הפנסיה-'תכנון פרישה (מינימום תשואה)'!הגיל_שלנו_2023-'תכנון פרישה (מינימום תשואה)'!שנות_עבודה_שנותרו,D25)/12 -> 15284.632 | E27: =-PMT(E$21,'תכנון פרישה (מינימום תשואה)'!גיל_הפנסיה-'תכנון פרישה (מינימום תשואה)'!הגיל_שלנו_2023-'תכנון פרישה (מינימום תשואה)'!שנות_עבודה_שנותרו,E25)/12 -> 17754.167 | F27: =-PMT(F$21,'תכנון פרישה (מינימום תשואה)'!גיל_הפנסיה-'תכנון פרישה (מינימום תשואה)'!הגיל_שלנו_2023-'תכנון פרישה (מינימום תשואה)'!שנות_עבודה_שנותרו,F25)/12 -> 20533.864 | G27: =-PMT(G$21,'תכנון פרישה (מינימום תשואה)'!גיל_הפנסיה-'תכנון פרישה (מינימום תשואה)'!הגיל_שלנו_2023-'תכנון פרישה (מינימום תשואה)'!שנות_עבודה_שנותרו,G25)/12 -> 23651.656
A28: 0.2 | B28: =-FV(B$21,'תכנון פרישה (מינימום תשואה)'!שנות_עבודה_שנותרו,$D$15*12*$A28)+('תכנון פרישה (מינימום תשואה)'!חסכון_נוכחי_2023*(1+B$21)^'תכנון פרישה (מינימום תשואה)'!שנות_עבודה_שנותרו) -> 2995198.7 | C28: =-FV(C$21,'תכנון פרישה (מינימום תשואה)'!שנות_עבודה_שנותרו,$D$15*12*$A28)+('תכנון פרישה (מינימום תשואה)'!חסכון_נוכחי_2023*(1+C$21)^'תכנון פרישה (מינימום תשואה)'!שנות_עבודה_שנותרו) -> 3159615.9 | D28: =-FV(D$21,'תכנון פרישה (מינימום תשואה)'!שנות_עבודה_שנותרו,$D$15*12*$A28)+('תכנון פרישה (מינימום תשואה)'!חסכון_נוכחי_2023*(1+D$21)^'תכנון פרישה (מינימום תשואה)'!שנות_עבודה_שנותרו) -> 3334606.8 | E28: =-FV(E$21,'תכנון פרישה (מינימום תשואה)'!שנות_עבודה_שנותרו,$D$15*12*$A28)+('תכנון פרישה (מינימום תשואה)'!חסכון_נוכחי_2023*(1+E$21)^'תכנון פרישה (מינימום תשואה)'!שנות_עבודה_שנותרו) -> 3520844.6 | F28: =-FV(F$21,'תכנון פרישה (מינימום תשואה)'!שנות_עבודה_שנותרו,$D$15*12*$A28)+('תכנון פרישה (מינימום תשואה)'!חסכון_נוכחי_2023*(1+F$21)^'תכנון פרישה (מינימום תשואה)'!שנות_עבודה_שנותרו) -> 3719042.7 | G28: =-FV(G$21,'תכנון פרישה (מינימום תשואה)'!שנות_עבודה_שנותרו,$D$15*12*$A28)+('תכנון פרישה (מינימום תשואה)'!חסכון_נוכחי_2023*(1+G$21)^'תכנון פרישה (מינימום תשואה)'!שנות_עבודה_שנותרו) -> 3929956.2
A29: כמה נמשוך רק מהתשואה בגיל פרישה | B29: =B28*B$21/12 -> 7487.9968 | C29: =C28*C$21/12 -> 10532.053 | D29: =D28*D$21/12 -> 13894.195 | E29: =E28*E$21/12 -> 17604.223 | F29: =F28*F$21/12 -> 21694.416 | G29: =G28*G$21/12 -> 26199.708
A30: ="כמה נמשוך כולל הקרן , מהפרישה ועד גיל "&$E$4&"" -> כמה נמשוך כולל הקרן , מהפרישה ועד גיל 62 | B30: =-PMT(B$21,'תכנון פרישה (מינימום תשואה)'!גיל_הפנסיה-'תכנון פרישה (מינימום תשואה)'!הגיל_שלנו_2023-'תכנון פרישה (מינימום תשואה)'!שנות_עבודה_שנותרו,B28)/12 -> 14738.229 | C30: =-PMT(C$21,'תכנון פרישה (מינימום תשואה)'!גיל_הפנסיה-'תכנון פרישה (מינימום תשואה)'!הגיל_שלנו_2023-'תכנון פרישה (מינימום תשואה)'!שנות_עבודה_שנותרו,C28)/12 -> 17269.1 | D30: =-PMT(D$21,'תכנון פרישה (מינימום תשואה)'!גיל_הפנסיה-'תכנון פרישה (מינימום תשואה)'!הגיל_שלנו_2023-'תכנון פרישה (מינימום תשואה)'!שנות_עבודה_שנותרו,D28)/12 -> 20138.496 | E30: =-PMT(E$21,'תכנון פרישה (מינימום תשואה)'!גיל_הפנסיה-'תכנון פרישה (מינימום תשואה)'!הגיל_שלנו_2023-'תכנון פרישה (מינימום תשואה)'!שנות_עבודה_שנותרו,E28)/12 -> 23378.116 | F30: =-PMT(F$21,'תכנון פרישה (מינימום תשואה)'!גיל_הפנסיה-'תכנון פרישה (מינימום תשואה)'!הגיל_שלנו_2023-'תכנון פרישה (מינימום תשואה)'!שנות_עבודה_שנותרו,F28)/12 -> 27021.641 | G30: =-PMT(G$21,'תכנון פרישה (מינימום תשואה)'!גיל_הפנסיה-'תכנון פרישה (מינימום תשואה)'!הגיל_שלנו_2023-'תכנון פרישה (מינימום תשואה)'!שנות_עבודה_שנותרו,G28)/12 -> 31104.936
A31: 0.25 | B31: =-FV(B$21,'תכנון פרישה (מינימום תשואה)'!שנות_עבודה_שנותרו,$D$15*12*$A31)+('תכנון פרישה (מינימום תשואה)'!חסכון_נוכחי_2023*(1+B$21)^'תכנון פרישה (מינימום תשואה)'!שנות_עבודה_שנותרו) -> 3719774.3 | C31: =-FV(C$21,'תכנון פרישה (מינימום תשואה)'!שנות_עבודה_שנותרו,$D$15*12*$A31)+('תכנון פרישה (מינימום תשואה)'!חסכון_נוכחי_2023*(1+C$21)^'תכנון פרישה (מינימום תשואה)'!שנות_עבודה_שנותרו) -> 3922579.4 | D31: =-FV(D$21,'תכנון פרישה (מינימום תשואה)'!שנות_עבודה_שנותרו,$D$15*12*$A31)+('תכנון פרישה (מינימום תשואה)'!חסכון_נוכחי_2023*(1+D$21)^'תכנון פרישה (מינימום תשואה)'!שנות_עבודה_שנותרו) -> 4138327.5 | E31: =-FV(E$21,'תכנון פרישה (מינימום תשואה)'!שנות_עבודה_שנותרו,$D$15*12*$A31)+('תכנון פרישה (מינימום תשואה)'!חסכון_נוכחי_2023*(1+E$21)^'תכנון פרישה (מינימום תשואה)'!שנות_עבודה_שנותרו) -> 4367835.5 | F31: =-FV(F$21,'תכנון פרישה (מינימום תשואה)'!שנות_עבודה_שנותרו,$D$15*12*$A31)+('תכנון פרישה (מינימום תשואה)'!חסכון_נוכחי_2023*(1+F$21)^'תכנון פרישה (מינימום תשואה)'!שנות_עבודה_שנותרו) -> 4611968.5 | G31: =-FV(G$21,'תכנון פרישה (מינימום תשואה)'!שנות_עבודה_שנותרו,$D$15*12*$A31)+('תכנון פרישה (מינימום תשואה)'!חסכון_נוכחי_2023*(1+G$21)^'תכנון פרישה (מינימום תשואה)'!שנות_עבודה_שנותרו) -> 4871641.6
A32: כמה נמשוך רק מהתשואה בגיל פרישה | B32: =B31*B$21/12 -> 9299.4358 | C32: =C31*C$21/12 -> 13075.265 | D32: =D31*D$21/12 -> 17243.031 | E32: =E31*E$21/12 -> 21839.178 | F32: =F31*F$21/12 -> 26903.149 | G32: =G31*G$21/12 -> 32477.611
A33: ="כמה נמשוך כולל הקרן , מהפרישה ועד גיל "&$E$4&"" -> כמה נמשוך כולל הקרן , מהפרישה ועד גיל 62 | B33: =-PMT(B$21,'תכנון פרישה (מינימום תשואה)'!גיל_הפנסיה-'תכנון פרישה (מינימום תשואה)'!הגיל_שלנו_2023-'תכנון פרישה (מינימום תשואה)'!שנות_עבודה_שנותרו,B31)/12 -> 18303.588 | C33: =-PMT(C$21,'תכנון פרישה (מינימום תשואה)'!גיל_הפנסיה-'תכנון פרישה (מינימום תשואה)'!הגיל_שלנו_2023-'תכנון פרישה (מינימום תשואה)'!שנות_עבודה_שנותרו,C31)/12 -> 21439.13 | D33: =-PMT(D$21,'תכנון פרישה (מינימום תשואה)'!גיל_הפנסיה-'תכנון פרישה (מינימום תשואה)'!הגיל_שלנו_2023-'תכנון פרישה (מינימום תשואה)'!שנות_עבודה_שנותרו,D31)/12 -> 24992.36 | E33: =-PMT(E$21,'תכנון פרישה (מינימום תשואה)'!גיל_הפנסיה-'תכנון פרישה (מינימום תשואה)'!הגיל_שלנו_2023-'תכנון פרישה (מינימום תשואה)'!שנות_עבודה_שנותרו,E31)/12 -> 29002.066 | F33: =-PMT(F$21,'תכנון פרישה (מינימום תשואה)'!גיל_הפנסיה-'תכנון פרישה (מינימום תשואה)'!הגיל_שלנו_2023-'תכנון פרישה (מינימום תשואה)'!שנות_עבודה_שנותרו,F31)/12 -> 33509.418 | G33: =-PMT(G$21,'תכנון פרישה (מינימום תשואה)'!גיל_הפנסיה-'תכנון פרישה (מינימום תשואה)'!הגיל_שלנו_2023-'תכנון פרישה (מינימום תשואה)'!שנות_עבודה_שנותרו,G31)/12 -> 38558.216
A34: 0.3 | B34: =-FV(B$21,'תכנון פרישה (מינימום תשואה)'!שנות_עבודה_שנותרו,$D$15*12*$A34)+('תכנון פרישה (מינימום תשואה)'!חסכון_נוכחי_2023*(1+B$21)^'תכנון פרישה (מינימום תשואה)'!שנות_עבודה_שנותרו) -> 4444349.9 | C34: =-FV(C$21,'תכנון פרישה (מינימום תשואה)'!שנות_עבודה_שנותרו,$D$15*12*$A34)+('תכנון פרישה (מינימום תשואה)'!חסכון_נוכחי_2023*(1+C$21)^'תכנון פרישה (מינימום תשואה)'!שנות_עבודה_שנותרו) -> 4685543 | D34: =-FV(D$21,'תכנון פרישה (מינימום תשואה)'!שנות_עבודה_שנותרו,$D$15*12*$A34)+('תכנון פרישה (מינימום תשואה)'!חסכון_נוכחי_2023*(1+D$21)^'תכנון פרישה (מינימום תשואה)'!שנות_עבודה_שנותרו) -> 4942048.3 | E34: =-FV(E$21,'תכנון פרישה (מינימום תשואה)'!שנות_עבודה_שנותרו,$D$15*12*$A34)+('תכנון פרישה (מינימום תשואה)'!חסכון_נוכחי_2023*(1+E$21)^'תכנון פרישה (מינימום תשואה)'!שנות_עבודה_שנותרו) -> 5214826.5 | F34: =-FV(F$21,'תכנון פרישה (מינימום תשואה)'!שנות_עבודה_שנותרו,$D$15*12*$A34)+('תכנון פרישה (מינימום תשואה)'!חסכון_נוכחי_2023*(1+F$21)^'תכנון פרישה (מינימום תשואה)'!שנות_עבודה_שנותרו) -> 5504894.2 | G34: =-FV(G$21,'תכנון פרישה (מינימום תשואה)'!שנות_עבודה_שנותרו,$D$15*12*$A34)+('תכנון פרישה (מינימום תשואה)'!חסכון_נוכחי_2023*(1+G$21)^'תכנון פרישה (מינימום תשואה)'!שנות_עבודה_שנותרו) -> 5813327
A35: כמה נמשוך רק מהתשואה בגיל פרישה | B35: =B34*B$21/12 -> 11110.875 | C35: =C34*C$21/12 -> 15618.477 | D35: =D34*D$21/12 -> 20591.868 | E35: =E34*E$21/12 -> 26074.132 | F35: =F34*F$21/12 -> 32111.883 | G35: =G34*G$21/12 -> 38755.513
A36: ="כמה נמשוך כולל הקרן , מהפרישה ועד גיל "&$E$4&"" -> כמה נמשוך כולל הקרן , מהפרישה ועד גיל 62 | B36: =-PMT(B$21,'תכנון פרישה (מינימום תשואה)'!גיל_הפנסיה-'תכנון פרישה (מינימום תשואה)'!הגיל_שלנו_2023-'תכנון פרישה (מינימום תשואה)'!שנות_עבודה_שנותרו,B34)/12 -> 21868.948 | C36: =-PMT(C$21,'תכנון פרישה (מינימום תשואה)'!גיל_הפנסיה-'תכנון פרישה (מינימום תשואה)'!הגיל_שלנו_2023-'תכנון פרישה (מינימום תשואה)'!שנות_עבודה_שנותרו,C34)/12 -> 25609.16 | D36: =-PMT(D$21,'תכנון פרישה (מינימום תשואה)'!גיל_הפנסיה-'תכנון פרישה (מינימום תשואה)'!הגיל_שלנו_2023-'תכנון פרישה (מינימום תשואה)'!שנות_עבודה_שנותרו,D34)/12 -> 29846.224 | E36: =-PMT(E$21,'תכנון פרישה (מינימום תשואה)'!גיל_הפנסיה-'תכנון פרישה (מינימום תשואה)'!הגיל_שלנו_2023-'תכנון פרישה (מינימום תשואה)'!שנות_עבודה_שנותרו,E34)/12 -> 34626.015 | F36: =-PMT(F$21,'תכנון פרישה (מינימום תשואה)'!גיל_הפנסיה-'תכנון פרישה (מינימום תשואה)'!הגיל_שלנו_2023-'תכנון פרישה (מינימום תשואה)'!שנות_עבודה_שנותרו,F34)/12 -> 39997.195 | G36: =-PMT(G$21,'תכנון פרישה (מינימום תשואה)'!גיל_הפנסיה-'תכנון פרישה (מינימום תשואה)'!הגיל_שלנו_2023-'תכנון פרישה (מינימום תשואה)'!שנות_עבודה_שנותרו,G34)/12 -> 46011.495
A37: 0.35 | B37: =-FV(B$21,'תכנון פרישה (מינימום תשואה)'!שנות_עבודה_שנותרו,$D$15*12*$A37)+('תכנון פרישה (מינימום תשואה)'!חסכון_נוכחי_2023*(1+B$21)^'תכנון פרישה (מינימום תשואה)'!שנות_עבודה_שנותרו) -> 5168925.5 | C37: =-FV(C$21,'תכנון פרישה (מינימום תשואה)'!שנות_עבודה_שנותרו,$D$15*12*$A37)+('תכנון פרישה (מינימום תשואה)'!חסכון_נוכחי_2023*(1+C$21)^'תכנון פרישה (מינימום תשואה)'!שנות_עבודה_שנותרו) -> 5448506.5 | D37: =-FV(D$21,'תכנון פרישה (מינימום תשואה)'!שנות_עבודה_שנותרו,$D$15*12*$A37)+('תכנון פרישה (מינימום תשואה)'!חסכון_נוכחי_2023*(1+D$21)^'תכנון פרישה (מינימום תשואה)'!שנות_עבודה_שנותרו) -> 5745769 | E37: =-FV(E$21,'תכנון פרישה (מינימום תשואה)'!שנות_עבודה_שנותרו,$D$15*12*$A37)+('תכנון פרישה (מינימום תשואה)'!חסכון_נוכחי_2023*(1+E$21)^'תכנון פרישה (מינימום תשואה)'!שנות_עבודה_שנותרו) -> 6061817.4 | F37: =-FV(F$21,'תכנון פרישה (מינימום תשואה)'!שנות_עבודה_שנותרו,$D$15*12*$A37)+('תכנון פרישה (מינימום תשואה)'!חסכון_נוכחי_2023*(1+F$21)^'תכנון פרישה (מינימום תשואה)'!שנות_עבודה_שנותרו) -> 6397820 | G37: =-FV(G$21,'תכנון פרישה (מינימום תשואה)'!שנות_עבודה_שנותרו,$D$15*12*$A37)+('תכנון פרישה (מינימום תשואה)'!חסכון_נוכחי_2023*(1+G$21)^'תכנון פרישה (מינימום תשואה)'!שנות_עבודה_שנותרו) -> 6755012.3
A38: כמה נמשוך רק מהתשואה בגיל פרישה | B38: =B37*B$21/12 -> 12922.314 | C38: =C37*C$21/12 -> 18161.688 | D38: =D37*D$21/12 -> 23940.704 | E38: =E37*E$21/12 -> 30309.087 | F38: =F37*F$21/12 -> 37320.617 | G38: =G37*G$21/12 -> 45033.416
A39: ="כמה נמשוך כולל הקרן , מהפרישה ועד גיל "&$E$4&"" -> כמה נמשוך כולל הקרן , מהפרישה ועד גיל 62 | B39: =-PMT(B$21,'תכנון פרישה (מינימום תשואה)'!גיל_הפנסיה-'תכנון פרישה (מינימום תשואה)'!הגיל_שלנו_2023-'תכנון פרישה (מינימום תשואה)'!שנות_עבודה_שנותרו,B37)/12 -> 25434.308 | C39: =-PMT(C$21,'תכנון פרישה (מינימום תשואה)'!גיל_הפנסיה-'תכנון פרישה (מינימום תשואה)'!הגיל_שלנו_2023-'תכנון פרישה (מינימום תשואה)'!שנות_עבודה_שנותרו,C37)/12 -> 29779.19 | D39: =-PMT(D$21,'תכנון פרישה (מינימום תשואה)'!גיל_הפנסיה-'תכנון פרישה (מינימום תשואה)'!הגיל_שלנו_2023-'תכנון פרישה (מינימום תשואה)'!שנות_עבודה_שנותרו,D37)/12 -> 34700.088 | E39: =-PMT(E$21,'תכנון פרישה (מינימום תשואה)'!גיל_הפנסיה-'תכנון פרישה (מינימום תשואה)'!הגיל_שלנו_2023-'תכנון פרישה (מינימום תשואה)'!שנות_עבודה_שנותרו,E37)/12 -> 40249.965 | F39: =-PMT(F$21,'תכנון פרישה (מינימום תשואה)'!גיל_הפנסיה-'תכנון פרישה (מינימום תשואה)'!הגיל_שלנו_2023-'תכנון פרישה (מינימום תשואה)'!שנות_עבודה_שנותרו,F37)/12 -> 46484.972 | G39: =-PMT(G$21,'תכנון פרישה (מינימום תשואה)'!גיל_הפנסיה-'תכנון פרישה (מינימום תשואה)'!הגיל_שלנו_2023-'תכנון פרישה (מינימום תשואה)'!שנות_עבודה_שנותרו,G37)/12 -> 53464.775
A40: 0.4 | B40: =-FV(B$21,'תכנון פרישה (מינימום תשואה)'!שנות_עבודה_שנותרו,$D$15*12*$A40)+('תכנון פרישה (מינימום תשואה)'!חסכון_נוכחי_2023*(1+B$21)^'תכנון פרישה (מינימום תשואה)'!שנות_עבודה_שנותרו) -> 5893501.1 | C40: =-FV(C$21,'תכנון פרישה (מינימום תשואה)'!שנות_עבודה_שנותרו,$D$15*12*$A40)+('תכנון פרישה (מינימום תשואה)'!חסכון_נוכחי_2023*(1+C$21)^'תכנון פרישה (מינימום תשואה)'!שנות_עבודה_שנותרו) -> 6211470 | D40: =-FV(D$21,'תכנון פרישה (מינימום תשואה)'!שנות_עבודה_שנותרו,$D$15*12*$A40)+('תכנון פרישה (מינימום תשואה)'!חסכון_נוכחי_2023*(1+D$21)^'תכנון פרישה (מינימום תשואה)'!שנות_עבודה_שנותרו) -> 6549489.8 | E40: =-FV(E$21,'תכנון פרישה (מינימום תשואה)'!שנות_עבודה_שנותרו,$D$15*12*$A40)+('תכנון פרישה (מינימום תשואה)'!חסכון_נוכחי_2023*(1+E$21)^'תכנון פרישה (מינימום תשואה)'!שנות_עבודה_שנותרו) -> 6908808.3 | F40: =-FV(F$21,'תכנון פרישה (מינימום תשואה)'!שנות_עבודה_שנותרו,$D$15*12*$A40)+('תכנון פרישה (מינימום תשואה)'!חסכון_נוכחי_2023*(1+F$21)^'תכנון פרישה (מינימום תשואה)'!שנות_עבודה_שנותרו) -> 7290745.8 | G40: =-FV(G$21,'תכנון פרישה (מינימום תשואה)'!שנות_עבודה_שנותרו,$D$15*12*$A40)+('תכנון פרישה (מינימום תשואה)'!חסכון_נוכחי_2023*(1+G$21)^'תכנון פרישה (מינימום תשואה)'!שנות_עבודה_שנותרו) -> 7696697.7
A41: כמה נמשוך רק מהתשואה בגיל פרישה | B41: =B40*B$21/12 -> 14733.753 | C41: =C40*C$21/12 -> 20704.9 | D41: =D40*D$21/12 -> 27289.541 | E41: =E40*E$21/12 -> 34544.042 | F41: =F40*F$21/12 -> 42529.35 | G41: =G40*G$21/12 -> 51311.318
A42: ="כמה נמשוך כולל הקרן , מהפרישה ועד גיל "&$E$4&"" -> כמה נמשוך כולל הקרן , מהפרישה ועד גיל 62 | B42: =-PMT(B$21,'תכנון פרישה (מינימום תשואה)'!גיל_הפנסיה-'תכנון פרישה (מינימום תשואה)'!הגיל_שלנו_2023-'תכנון פרישה (מינימום תשואה)'!שנות_עבודה_שנותרו,B40)/12 -> 28999.667 | C42: =-PMT(C$21,'תכנון פרישה (מינימום תשואה)'!גיל_הפנסיה-'תכנון פרישה (מינימום תשואה)'!הגיל_שלנו_2023-'תכנון פרישה (מינימום תשואה)'!שנות_עבודה_שנותרו,C40)/12 -> 33949.22 | D42: =-PMT(D$21,'תכנון פרישה (מינימום תשואה)'!גיל_הפנסיה-'תכנון פרישה (מינימום תשואה)'!הגיל_שלנו_2023-'תכנון פרישה (מינימום תשואה)'!שנות_עבודה_שנותרו,D40)/12 -> 39553.952 | E42: =-PMT(E$21,'תכנון פרישה (מינימום תשואה)'!גיל_הפנסיה-'תכנון פרישה (מינימום תשואה)'!הגיל_שלנו_2023-'תכנון פרישה (מינימום תשואה)'!שנות_עבודה_שנותרו,E40)/12 -> 45873.914 | F42: =-PMT(F$21,'תכנון פרישה (מינימום תשואה)'!גיל_הפנסיה-'תכנון פרישה (מינימום תשואה)'!הגיל_שלנו_2023-'תכנון פרישה (מינימום תשואה)'!שנות_עבודה_שנותרו,F40)/12 -> 52972.749 | G42: =-PMT(G$21,'תכנון פרישה (מינימום תשואה)'!גיל_הפנסיה-'תכנון פרישה (מינימום תשואה)'!הגיל_שלנו_2023-'תכנון פרישה (מינימום תשואה)'!שנות_עבודה_שנותרו,G40)/12 -> 60918.055
A43: 0.45 | B43: =-FV(B$21,'תכנון פרישה (מינימום תשואה)'!שנות_עבודה_שנותרו,$D$15*12*$A43)+('תכנון פרישה (מינימום תשואה)'!חסכון_נוכחי_2023*(1+B$21)^'תכנון פרישה (מינימום תשואה)'!שנות_עבודה_שנותרו) -> 6618076.7 | C43: =-FV(C$21,'תכנון פרישה (מינימום תשואה)'!שנות_עבודה_שנותרו,$D$15*12*$A43)+('תכנון פרישה (מינימום תשואה)'!חסכון_נוכחי_2023*(1+C$21)^'תכנון פרישה (מינימום תשואה)'!שנות_עבודה_שנותרו) -> 6974433.5 | D43: =-FV(D$21,'תכנון פרישה (מינימום תשואה)'!שנות_עבודה_שנותרו,$D$15*12*$A43)+('תכנון פרישה (מינימום תשואה)'!חסכון_נוכחי_2023*(1+D$21)^'תכנון פרישה (מינימום תשואה)'!שנות_עבודה_שנותרו) -> 7353210.5 | E43: =-FV(E$21,'תכנון פרישה (מינימום תשואה)'!שנות_עבודה_שנותרו,$D$15*12*$A43)+('תכנון פרישה (מינימום תשואה)'!חסכון_נוכחי_2023*(1+E$21)^'תכנון פרישה (מינימום תשואה)'!שנות_עבודה_שנותרו) -> 7755799.3 | F43: =-FV(F$21,'תכנון פרישה (מינימום תשואה)'!שנות_עבודה_שנותרו,$D$15*12*$A43)+('תכנון פרישה (מינימום תשואה)'!חסכון_נוכחי_2023*(1+F$21)^'תכנון פרישה (מינימום תשואה)'!שנות_עבודה_שנותרו) -> 8183671.5 | G43: =-FV(G$21,'תכנון פרישה (מינימום תשואה)'!שנות_עבודה_שנותרו,$D$15*12*$A43)+('תכנון פרישה (מינימום תשואה)'!חסכון_נוכחי_2023*(1+G$21)^'תכנון פרישה (מינימום תשואה)'!שנות_עבודה_שנותרו) -> 8638383.1
A44: כמה נמשוך רק מהתשואה בגיל פרישה | B44: =B43*B$21/12 -> 16545.192 | C44: =C43*C$21/12 -> 23248.112 | D44: =D43*D$21/12 -> 30638.377 | E44: =E43*E$21/12 -> 38778.996 | F44: =F43*F$21/12 -> 47738.084 | G44: =G43*G$21/12 -> 57589.221
A45: ="כמה נמשוך כולל הקרן , מהפרישה ועד גיל "&$E$4&"" -> כמה נמשוך כולל הקרן , מהפרישה ועד גיל 62 | B45: =-PMT(B$21,'תכנון פרישה (מינימום תשואה)'!גיל_הפנסיה-'תכנון פרישה (מינימום תשואה)'!הגיל_שלנו_2023-'תכנון פרישה (מינימום תשואה)'!שנות_עבודה_שנותרו,B43)/12 -> 32565.027 | C45: =-PMT(C$21,'תכנון פרישה (מינימום תשואה)'!גיל_הפנסיה-'תכנון פרישה (מינימום תשואה)'!הגיל_שלנו_2023-'תכנון פרישה (מינימום תשואה)'!שנות_עבודה_שנותרו,C43)/12 -> 38119.25 | D45: =-PMT(D$21,'תכנון פרישה (מינימום תשואה)'!גיל_הפנסיה-'תכנון פרישה (מינימום תשואה)'!הגיל_שלנו_2023-'תכנון פרישה (מינימום תשואה)'!שנות_עבודה_שנותרו,D43)/12 -> 44407.816 | E45: =-PMT(E$21,'תכנון פרישה (מינימום תשואה)'!גיל_הפנסיה-'תכנון פרישה (מינימום תשואה)'!הגיל_שלנו_2023-'תכנון פרישה (מינימום תשואה)'!שנות_עבודה_שנותרו,E43)/12 -> 51497.864 | F45: =-PMT(F$21,'תכנון פרישה (מינימום תשואה)'!גיל_הפנסיה-'תכנון פרישה (מינימום תשואה)'!הגיל_שלנו_2023-'תכנון פרישה (מינימום תשואה)'!שנות_עבודה_שנותרו,F43)/12 -> 59460.525 | G45: =-PMT(G$21,'תכנון פרישה (מינימום תשואה)'!גיל_הפנסיה-'תכנון פרישה (מינימום תשואה)'!הגיל_שלנו_2023-'תכנון פרישה (מינימום תשואה)'!שנות_עבודה_שנותרו,G43)/12 -> 68371.335
A46: 0.5 | B46: =-FV(B$21,'תכנון פרישה (מינימום תשואה)'!שנות_עבודה_שנותרו,$D$15*12*$A46)+('תכנון פרישה (מינימום תשואה)'!חסכון_נוכחי_2023*(1+B$21)^'תכנון פרישה (מינימום תשואה)'!שנות_עבודה_שנותרו) -> 7342652.2 | C46: =-FV(C$21,'תכנון פרישה (מינימום תשואה)'!שנות_עבודה_שנותרו,$D$15*12*$A46)+('תכנון פרישה (מינימום תשואה)'!חסכון_נוכחי_2023*(1+C$21)^'תכנון פרישה (מינימום תשואה)'!שנות_עבודה_שנותרו) -> 7737397.1 | D46: =-FV(D$21,'תכנון פרישה (מינימום תשואה)'!שנות_עבודה_שנותרו,$D$15*12*$A46)+('תכנון פרישה (מינימום תשואה)'!חסכון_נוכחי_2023*(1+D$21)^'תכנון פרישה (מינימום תשואה)'!שנות_עבודה_שנותרו) -> 8156931.3 | E46: =-FV(E$21,'תכנון פרישה (מינימום תשואה)'!שנות_עבודה_שנותרו,$D$15*12*$A46)+('תכנון פרישה (מינימום תשואה)'!חסכון_נוכחי_2023*(1+E$21)^'תכנון פרישה (מינימום תשואה)'!שנות_עבודה_שנותרו) -> 8602790.2 | F46: =-FV(F$21,'תכנון פרישה (מינימום תשואה)'!שנות_עבודה_שנותרו,$D$15*12*$A46)+('תכנון פרישה (מינימום תשואה)'!חסכון_נוכחי_2023*(1+F$21)^'תכנון פרישה (מינימום תשואה)'!שנות_עבודה_שנותרו) -> 9076597.3 | G46: =-FV(G$21,'תכנון פרישה (מינימום תשואה)'!שנות_עבודה_שנותרו,$D$15*12*$A46)+('תכנון פרישה (מינימום תשואה)'!חסכון_נוכחי_2023*(1+G$21)^'תכנון פרישה (מינימום תשואה)'!שנות_עבודה_שנותרו) -> 9580068.5
A47: כמה נמשוך רק מהתשואה בגיל פרישה | B47: =B46*B$21/12 -> 18356.631 | C47: =C46*C$21/12 -> 25791.324 | D47: =D46*D$21/12 -> 33987.214 | E47: =E46*E$21/12 -> 43013.951 | F47: =F46*F$21/12 -> 52946.817 | G47: =G46*G$21/12 -> 63867.123
A48: ="כמה נמשוך כולל הקרן , מהפרישה ועד גיל "&$E$4&"" -> כמה נמשוך כולל הקרן , מהפרישה ועד גיל 62 | B48: =-PMT(B$21,'תכנון פרישה (מינימום תשואה)'!גיל_הפנסיה-'תכנון פרישה (מינימום תשואה)'!הגיל_שלנו_2023-'תכנון פרישה (מינימום תשואה)'!שנות_עבודה_שנותרו,B46)/12 -> 36130.387 | C48: =-PMT(C$21,'תכנון פרישה (מינימום תשואה)'!גיל_הפנסיה-'תכנון פרישה (מינימום תשואה)'!הגיל_שלנו_2023-'תכנון פרישה (מינימום תשואה)'!שנות_עבודה_שנותרו,C46)/12 -> 42289.28 | D48: =-PMT(D$21,'תכנון פרישה (מינימום תשואה)'!גיל_הפנסיה-'תכנון פרישה (מינימום תשואה)'!הגיל_שלנו_2023-'תכנון פרישה (מינימום תשואה)'!שנות_עבודה_שנותרו,D46)/12 -> 49261.68 | E48: =-PMT(E$21,'תכנון פרישה (מינימום תשואה)'!גיל_הפנסיה-'תכנון פרישה (מינימום תשואה)'!הגיל_שלנו_2023-'תכנון פרישה (מינימום תשואה)'!שנות_עבודה_שנותרו,E46)/12 -> 57121.814 | F48: =-PMT(F$21,'תכנון פרישה (מינימום תשואה)'!גיל_הפנסיה-'תכנון פרישה (מינימום תשואה)'!הגיל_שלנו_2023-'תכנון פרישה (מינימום תשואה)'!שנות_עבודה_שנותרו,F46)/12 -> 65948.302 | G48: =-PMT(G$21,'תכנון פרישה (מינימום תשואה)'!גיל_הפנסיה-'תכנון פרישה (מינימום תשואה)'!הגיל_שלנו_2023-'תכנון פרישה (מינימום תשואה)'!שנות_עבודה_שנותרו,G46)/12 -> 75824.615

Sheet Sheet2
A2: שנים | B2: השתלמות | C2: הון עצמי
A3: 1 | B3: =fv('תכנון פרישה'!$B$4,$A3,-'תכנון פרישה'!$K$5*12)+'תכנון פרישה'!$B$5*(1+'תכנון פרישה'!$B$4)^$A3 -> 111204 | C3: =fv('תכנון פרישה'!$B$4,$A3,-'תכנון פרישה'!$K$6*12)+'תכנון פרישה'!$B$6*(1+'תכנון פרישה'!$B$4)^$A3 -> 159754.85
A4: 2 | B4: =fv('תכנון פרישה'!$B$4,$A4,-'תכנון פרישה'!$K$5*12)+'תכנון פרישה'!$B$5*(1+'תכנון פרישה'!$B$4)^$A4 -> 154468.2 | C4: =fv('תכנון פרישה'!$B$4,$A4,-'תכנון פרישה'!$K$6*12)+'תכנון פרישה'!$B$6*(1+'תכנון פרישה'!$B$4)^$A4 -> 222497.43
A5: 3 | B5: =fv('תכנון פרישה'!$B$4,$A5,-'תכנון פרישה'!$K$5*12)+'תכנון פרישה'!$B$5*(1+'תכנון פרישה'!$B$4)^$A5 -> 199895.61 | C5: =fv('תכנון פרישה'!$B$4,$A5,-'תכנון פרישה'!$K$6*12)+'תכנון פרישה'!$B$6*(1+'תכנון פרישה'!$B$4)^$A5 -> 288377.15
A6: 4 | B6: =fv('תכנון פרישה'!$B$4,$A6,-'תכנון פרישה'!$K$5*12)+'תכנון פרישה'!$B$5*(1+'תכנון פרישה'!$B$4)^$A6 -> 247594.39 | C6: =fv('תכנון פרישה'!$B$4,$A6,-'תכנון פרישה'!$K$6*12)+'תכנון פרישה'!$B$6*(1+'תכנון פרישה'!$B$4)^$A6 -> 357550.85
A7: 5 | B7: =fv('תכנון פרישה'!$B$4,$A7,-'תכנון פרישה'!$K$5*12)+'תכנון פרישה'!$B$5*(1+'תכנון פרישה'!$B$4)^$A7 -> 297678.11 | C7: =fv('תכנון פרישה'!$B$4,$A7,-'תכנון פרישה'!$K$6*12)+'תכנון פרישה'!$B$6*(1+'תכנון פרישה'!$B$4)^$A7 -> 430183.24
A8: 6 | B8: =fv('תכנון פרישה'!$B$4,$A8,-'תכנון פרישה'!$K$5*12)+'תכנון פרישה'!$B$5*(1+'תכנון פרישה'!$B$4)^$A8 -> 350266.02 | C8: =fv('תכנון פרישה'!$B$4,$A8,-'תכנון פרישה'!$K$6*12)+'תכנון פרישה'!$B$6*(1+'תכנון פרישה'!$B$4)^$A8 -> 506447.25
A9: 7 | B9: =fv('תכנון פרישה'!$B$4,$A9,-'תכנון פרישה'!$K$5*12)+'תכנון פרישה'!$B$5*(1+'תכנון פרישה'!$B$4)^$A9 -> 405483.32 | C9: =fv('תכנון פרישה'!$B$4,$A9,-'תכנון פרישה'!$K$6*12)+'תכנון פרישה'!$B$6*(1+'תכנון פרישה'!$B$4)^$A9 -> 586524.46
A10: 8 | B10: =fv('תכנון פרישה'!$B$4,$A10,-'תכנון פרישה'!$K$5*12)+'תכנון פרישה'!$B$5*(1+'תכנון פרישה'!$B$4)^$A10 -> 463461.48 | C10: =fv('תכנון פרישה'!$B$4,$A10,-'תכנון פרישה'!$K$6*12)+'תכנון פרישה'!$B$6*(1+'תכנון פרישה'!$B$4)^$A10 -> 670605.53
A11: 9 | B11: =fv('תכנון פרישה'!$B$4,$A11,-'תכנון פרישה'!$K$5*12)+'תכנון פרישה'!$B$5*(1+'תכנון פרישה'!$B$4)^$A11 -> 524338.56 | C11: =fv('תכנון פרישה'!$B$4,$A11,-'תכנון פרישה'!$K$6*12)+'תכנון פרישה'!$B$6*(1+'תכנון פרישה'!$B$4)^$A11 -> 758890.65
A12: 10 | B12: =fv('תכנון פרישה'!$B$4,$A12,-'תכנון פרישה'!$K$5*12)+'תכנון פרישה'!$B$5*(1+'תכנון פרישה'!$B$4)^$A12 -> 588259.48 | C12: =fv('תכנון פרישה'!$B$4,$A12,-'תכנון פרישה'!$K$6*12)+'תכנון פרישה'!$B$6*(1+'תכנון פרישה'!$B$4)^$A12 -> 851590.03
A13: 11 | B13: =fv('תכנון פרישה'!$B$4,$A13,-'תכנון פרישה'!$K$5*12)+'תכנון פרישה'!$B$5*(1+'תכנון פרישה'!$B$4)^$A13 -> 655376.46 | C13: =fv('תכנון פרישה'!$B$4,$A13,-'תכנון פרישה'!$K$6*12)+'תכנון פרישה'!$B$6*(1+'תכנון פרישה'!$B$4)^$A13 -> 948924.37
A14: 12 | B14: =fv('תכנון פרישה'!$B$4,$A14,-'תכנון פרישה'!$K$5*12)+'תכנון פרישה'!$B$5*(1+'תכנון פרישה'!$B$4)^$A14 -> 725849.28 | C14: =fv('תכנון פרישה'!$B$4,$A14,-'תכנון פרישה'!$K$6*12)+'תכנון פרישה'!$B$6*(1+'תכנון פרישה'!$B$4)^$A14 -> 1051125.4
... A18: 16 | B18: =fv('תכנון פרישה'!$B$4,$A18,-'תכנון פרישה'!$K$5*12)+'תכנון פרישה'!$B$5*(1+'תכנון פרישה'!$B$4)^$A18 -> 1044783.3 | C18: =fv('תכנון פרישה'!$B$4,$A18,-'תכנון פרישה'!$K$6*12)+'תכנון פרישה'!$B$6*(1+'תכנון פרישה'!$B$4)^$A18 -> 1513649.8
A19: 17
A20: 18
A21: 19
A22: 20
A23: 21
